season,date,time,weekday,tm_home,tm_away,pts_home,pts_away,ot
2020,2019-10-22,2019-10-22T08:00:00Z,Tue,TOR,NOP,NA,NA,NA
2020,2019-10-22,2019-10-22T10:30:00Z,Tue,LAC,LAL,NA,NA,NA
2020,2019-10-23,2019-10-23T07:00:00Z,Wed,ORL,CLE,NA,NA,NA
2020,2019-10-23,2019-10-23T07:00:00Z,Wed,IND,DET,NA,NA,NA
2020,2019-10-23,2019-10-23T07:00:00Z,Wed,CHO,CHI,NA,NA,NA
2020,2019-10-23,2019-10-23T07:30:00Z,Wed,MIA,MEM,NA,NA,NA
2020,2019-10-23,2019-10-23T07:30:00Z,Wed,BRK,MIN,NA,NA,NA
2020,2019-10-23,2019-10-23T07:30:00Z,Wed,PHI,BOS,NA,NA,NA
2020,2019-10-23,2019-10-23T08:30:00Z,Wed,DAL,WAS,NA,NA,NA
2020,2019-10-23,2019-10-23T08:30:00Z,Wed,SAS,NYK,NA,NA,NA
2020,2019-10-23,2019-10-23T09:00:00Z,Wed,UTA,OKC,NA,NA,NA
2020,2019-10-23,2019-10-23T10:00:00Z,Wed,POR,DEN,NA,NA,NA
2020,2019-10-23,2019-10-23T10:00:00Z,Wed,PHO,SAC,NA,NA,NA
2020,2019-10-24,2019-10-24T07:00:00Z,Thu,DET,ATL,NA,NA,NA
2020,2019-10-24,2019-10-24T08:00:00Z,Thu,HOU,MIL,NA,NA,NA
2020,2019-10-24,2019-10-24T10:30:00Z,Thu,GSW,LAC,NA,NA,NA
2020,2019-10-25,2019-10-25T07:00:00Z,Fri,BOS,TOR,NA,NA,NA
2020,2019-10-25,2019-10-25T07:00:00Z,Fri,CHO,MIN,NA,NA,NA
2020,2019-10-25,2019-10-25T07:30:00Z,Fri,BRK,NYK,NA,NA,NA
2020,2019-10-25,2019-10-25T08:00:00Z,Fri,OKC,WAS,NA,NA,NA
2020,2019-10-25,2019-10-25T08:00:00Z,Fri,NOP,DAL,NA,NA,NA
2020,2019-10-25,2019-10-25T08:00:00Z,Fri,MEM,CHI,NA,NA,NA
2020,2019-10-25,2019-10-25T09:00:00Z,Fri,DEN,PHO,NA,NA,NA
2020,2019-10-25,2019-10-25T10:00:00Z,Fri,SAC,POR,NA,NA,NA
2020,2019-10-25,2019-10-25T10:30:00Z,Fri,LAL,UTA,NA,NA,NA
2020,2019-10-26,2019-10-26T05:00:00Z,Sat,MIL,MIA,NA,NA,NA
2020,2019-10-26,2019-10-26T07:00:00Z,Sat,DET,PHI,NA,NA,NA
2020,2019-10-26,2019-10-26T07:30:00Z,Sat,ATL,ORL,NA,NA,NA
2020,2019-10-26,2019-10-26T07:30:00Z,Sat,NYK,BOS,NA,NA,NA
2020,2019-10-26,2019-10-26T08:00:00Z,Sat,HOU,NOP,NA,NA,NA
2020,2019-10-26,2019-10-26T08:00:00Z,Sat,CLE,IND,NA,NA,NA
2020,2019-10-26,2019-10-26T08:00:00Z,Sat,CHI,TOR,NA,NA,NA
2020,2019-10-26,2019-10-26T08:30:00Z,Sat,SAS,WAS,NA,NA,NA
2020,2019-10-26,2019-10-26T09:00:00Z,Sat,UTA,SAC,NA,NA,NA
2020,2019-10-26,2019-10-26T10:00:00Z,Sat,PHO,LAC,NA,NA,NA
2020,2019-10-27,2019-10-27T03:30:00Z,Sun,OKC,GSW,NA,NA,NA
2020,2019-10-27,2019-10-27T06:00:00Z,Sun,MEM,BRK,NA,NA,NA
2020,2019-10-27,2019-10-27T07:00:00Z,Sun,MIN,MIA,NA,NA,NA
2020,2019-10-27,2019-10-27T07:00:00Z,Sun,DAL,POR,NA,NA,NA
2020,2019-10-27,2019-10-27T09:30:00Z,Sun,LAL,CHO,NA,NA,NA
2020,2019-10-28,2019-10-28T07:00:00Z,Mon,DET,IND,NA,NA,NA
2020,2019-10-28,2019-10-28T07:00:00Z,Mon,NYK,CHI,NA,NA,NA
2020,2019-10-28,2019-10-28T07:30:00Z,Mon,ATL,PHI,NA,NA,NA
2020,2019-10-28,2019-10-28T07:30:00Z,Mon,TOR,ORL,NA,NA,NA
2020,2019-10-28,2019-10-28T08:00:00Z,Mon,NOP,GSW,NA,NA,NA
2020,2019-10-28,2019-10-28T08:00:00Z,Mon,MIL,CLE,NA,NA,NA
2020,2019-10-28,2019-10-28T08:00:00Z,Mon,HOU,OKC,NA,NA,NA
2020,2019-10-28,2019-10-28T08:30:00Z,Mon,SAS,POR,NA,NA,NA
2020,2019-10-28,2019-10-28T10:00:00Z,Mon,PHO,UTA,NA,NA,NA
2020,2019-10-28,2019-10-28T10:00:00Z,Mon,SAC,DEN,NA,NA,NA
2020,2019-10-28,2019-10-28T10:30:00Z,Mon,LAC,CHO,NA,NA,NA
2020,2019-10-29,2019-10-29T07:30:00Z,Tue,MIA,ATL,NA,NA,NA
2020,2019-10-29,2019-10-29T09:00:00Z,Tue,DEN,DAL,NA,NA,NA
2020,2019-10-29,2019-10-29T10:30:00Z,Tue,LAL,MEM,NA,NA,NA
2020,2019-10-30,2019-10-30T07:00:00Z,Wed,PHI,MIN,NA,NA,NA
2020,2019-10-30,2019-10-30T07:00:00Z,Wed,ORL,NYK,NA,NA,NA
2020,2019-10-30,2019-10-30T07:00:00Z,Wed,CLE,CHI,NA,NA,NA
2020,2019-10-30,2019-10-30T07:30:00Z,Wed,TOR,DET,NA,NA,NA
2020,2019-10-30,2019-10-30T07:30:00Z,Wed,BRK,IND,NA,NA,NA
2020,2019-10-30,2019-10-30T07:30:00Z,Wed,BOS,MIL,NA,NA,NA
2020,2019-10-30,2019-10-30T08:00:00Z,Wed,OKC,POR,NA,NA,NA
2020,2019-10-30,2019-10-30T08:00:00Z,Wed,WAS,HOU,NA,NA,NA
2020,2019-10-30,2019-10-30T10:00:00Z,Wed,SAC,CHO,NA,NA,NA
2020,2019-10-30,2019-10-30T10:00:00Z,Wed,UTA,LAC,NA,NA,NA
2020,2019-10-30,2019-10-30T10:30:00Z,Wed,GSW,PHO,NA,NA,NA
2020,2019-10-31,2019-10-31T07:00:00Z,Thu,ATL,MIA,NA,NA,NA
2020,2019-10-31,2019-10-31T09:30:00Z,Thu,NOP,DEN,NA,NA,NA
2020,2019-10-31,2019-10-31T10:30:00Z,Thu,LAC,SAS,NA,NA,NA
2020,2019-11-01,2019-11-01T07:00:00Z,Fri,BRK,HOU,NA,NA,NA
2020,2019-11-01,2019-11-01T07:00:00Z,Fri,IND,CLE,NA,NA,NA
2020,2019-11-01,2019-11-01T07:00:00Z,Fri,ORL,MIL,NA,NA,NA
2020,2019-11-01,2019-11-01T07:30:00Z,Fri,BOS,NYK,NA,NA,NA
2020,2019-11-01,2019-11-01T08:00:00Z,Fri,CHI,DET,NA,NA,NA
2020,2019-11-01,2019-11-01T09:30:00Z,Fri,DAL,LAL,NA,NA,NA
2020,2019-11-01,2019-11-01T10:00:00Z,Fri,SAC,UTA,NA,NA,NA
2020,2019-11-01,2019-11-01T10:30:00Z,Fri,GSW,SAS,NA,NA,NA
2020,2019-11-02,2019-11-02T05:00:00Z,Sat,OKC,NOP,NA,NA,NA
2020,2019-11-02,2019-11-02T07:00:00Z,Sat,DET,BRK,NA,NA,NA
2020,2019-11-02,2019-11-02T07:00:00Z,Sat,ORL,DEN,NA,NA,NA
2020,2019-11-02,2019-11-02T08:00:00Z,Sat,MEM,PHO,NA,NA,NA
2020,2019-11-02,2019-11-02T08:00:00Z,Sat,MIL,TOR,NA,NA,NA
2020,2019-11-02,2019-11-02T08:00:00Z,Sat,WAS,MIN,NA,NA,NA
2020,2019-11-02,2019-11-02T08:30:00Z,Sat,GSW,CHO,NA,NA,NA
2020,2019-11-02,2019-11-02T10:00:00Z,Sat,POR,PHI,NA,NA,NA
2020,2019-11-03,2019-11-03T05:00:00Z,Sun,IND,CHI,NA,NA,NA
2020,2019-11-03,2019-11-03T06:00:00Z,Sun,MIA,HOU,NA,NA,NA
2020,2019-11-03,2019-11-03T06:00:00Z,Sun,NYK,SAC,NA,NA,NA
2020,2019-11-03,2019-11-03T07:00:00Z,Sun,SAS,LAL,NA,NA,NA
2020,2019-11-03,2019-11-03T07:30:00Z,Sun,CLE,DAL,NA,NA,NA
2020,2019-11-03,2019-11-03T09:00:00Z,Sun,LAC,UTA,NA,NA,NA
2020,2019-11-04,2019-11-04T07:00:00Z,Mon,WAS,DET,NA,NA,NA
2020,2019-11-04,2019-11-04T07:30:00Z,Mon,BRK,NOP,NA,NA,NA
2020,2019-11-04,2019-11-04T08:00:00Z,Mon,MEM,HOU,NA,NA,NA
2020,2019-11-04,2019-11-04T08:00:00Z,Mon,MIN,MIL,NA,NA,NA
2020,2019-11-04,2019-11-04T09:00:00Z,Mon,PHO,PHI,NA,NA,NA
2020,2019-11-04,2019-11-04T10:30:00Z,Mon,GSW,POR,NA,NA,NA
2020,2019-11-05,2019-11-05T07:00:00Z,Tue,CHO,IND,NA,NA,NA
2020,2019-11-05,2019-11-05T07:00:00Z,Tue,CLE,BOS,NA,NA,NA
2020,2019-11-05,2019-11-05T07:30:00Z,Tue,ATL,SAS,NA,NA,NA
2020,2019-11-05,2019-11-05T08:00:00Z,Tue,CHI,LAL,NA,NA,NA
2020,2019-11-05,2019-11-05T08:00:00Z,Tue,OKC,ORL,NA,NA,NA
2020,2019-11-05,2019-11-05T09:00:00Z,Tue,DEN,MIA,NA,NA,NA
2020,2019-11-06,2019-11-06T07:00:00Z,Wed,DET,NYK,NA,NA,NA
2020,2019-11-06,2019-11-06T07:00:00Z,Wed,IND,WAS,NA,NA,NA
2020,2019-11-06,2019-11-06T07:30:00Z,Wed,ATL,CHI,NA,NA,NA
2020,2019-11-06,2019-11-06T07:30:00Z,Wed,HOU,GSW,NA,NA,NA
2020,2019-11-06,2019-11-06T07:30:00Z,Wed,TOR,SAC,NA,NA,NA
2020,2019-11-06,2019-11-06T08:00:00Z,Wed,MEM,MIN,NA,NA,NA
2020,2019-11-06,2019-11-06T08:30:00Z,Wed,DAL,ORL,NA,NA,NA
2020,2019-11-06,2019-11-06T09:00:00Z,Wed,UTA,PHI,NA,NA,NA
2020,2019-11-06,2019-11-06T10:00:00Z,Wed,LAC,MIL,NA,NA,NA
2020,2019-11-07,2019-11-07T08:00:00Z,Thu,CHO,BOS,NA,NA,NA
2020,2019-11-07,2019-11-07T08:30:00Z,Thu,SAS,OKC,NA,NA,NA
2020,2019-11-07,2019-11-07T09:00:00Z,Thu,PHO,MIA,NA,NA,NA
2020,2019-11-07,2019-11-07T10:30:00Z,Thu,LAC,POR,NA,NA,NA
2020,2019-11-08,2019-11-08T07:00:00Z,Fri,IND,DET,NA,NA,NA
2020,2019-11-08,2019-11-08T07:00:00Z,Fri,ORL,MEM,NA,NA,NA
2020,2019-11-08,2019-11-08T07:00:00Z,Fri,WAS,CLE,NA,NA,NA
2020,2019-11-08,2019-11-08T07:30:00Z,Fri,ATL,SAC,NA,NA,NA
2020,2019-11-08,2019-11-08T08:00:00Z,Fri,MIN,GSW,NA,NA,NA
2020,2019-11-08,2019-11-08T08:00:00Z,Fri,NOP,TOR,NA,NA,NA
2020,2019-11-08,2019-11-08T08:30:00Z,Fri,DAL,NYK,NA,NA,NA
2020,2019-11-08,2019-11-08T09:00:00Z,Fri,DEN,PHI,NA,NA,NA
2020,2019-11-08,2019-11-08T09:00:00Z,Fri,UTA,MIL,NA,NA,NA
2020,2019-11-08,2019-11-08T10:00:00Z,Fri,POR,BRK,NA,NA,NA
2020,2019-11-08,2019-11-08T10:30:00Z,Fri,LAL,MIA,NA,NA,NA
2020,2019-11-09,2019-11-09T05:00:00Z,Sat,SAS,BOS,NA,NA,NA
2020,2019-11-09,2019-11-09T07:00:00Z,Sat,CHO,NOP,NA,NA,NA
2020,2019-11-09,2019-11-09T08:00:00Z,Sat,CHI,HOU,NA,NA,NA
2020,2019-11-09,2019-11-09T08:00:00Z,Sat,MEM,DAL,NA,NA,NA
2020,2019-11-09,2019-11-09T08:00:00Z,Sat,OKC,GSW,NA,NA,NA
2020,2019-11-10,2019-11-10T03:30:00Z,Sun,MIN,DEN,NA,NA,NA
2020,2019-11-10,2019-11-10T06:00:00Z,Sun,ORL,IND,NA,NA,NA
2020,2019-11-10,2019-11-10T06:00:00Z,Sun,PHI,CHO,NA,NA,NA
2020,2019-11-10,2019-11-10T07:00:00Z,Sun,OKC,MIL,NA,NA,NA
2020,2019-11-10,2019-11-10T07:30:00Z,Sun,NYK,CLE,NA,NA,NA
2020,2019-11-10,2019-11-10T08:00:00Z,Sun,PHO,BRK,NA,NA,NA
2020,2019-11-10,2019-11-10T09:00:00Z,Sun,POR,ATL,NA,NA,NA
2020,2019-11-10,2019-11-10T09:30:00Z,Sun,LAL,TOR,NA,NA,NA
2020,2019-11-11,2019-11-11T07:00:00Z,Mon,DET,MIN,NA,NA,NA
2020,2019-11-11,2019-11-11T07:30:00Z,Mon,BOS,DAL,NA,NA,NA
2020,2019-11-11,2019-11-11T08:00:00Z,Mon,NOP,HOU,NA,NA,NA
2020,2019-11-11,2019-11-11T08:30:00Z,Mon,SAS,MEM,NA,NA,NA
2020,2019-11-11,2019-11-11T10:30:00Z,Mon,GSW,UTA,NA,NA,NA
2020,2019-11-11,2019-11-11T10:30:00Z,Mon,LAC,TOR,NA,NA,NA
2020,2019-11-12,2019-11-12T07:00:00Z,Tue,IND,OKC,NA,NA,NA
2020,2019-11-12,2019-11-12T07:00:00Z,Tue,PHI,CLE,NA,NA,NA
2020,2019-11-12,2019-11-12T07:30:00Z,Tue,MIA,DET,NA,NA,NA
2020,2019-11-12,2019-11-12T08:00:00Z,Tue,CHI,NYK,NA,NA,NA
2020,2019-11-12,2019-11-12T09:00:00Z,Tue,DEN,ATL,NA,NA,NA
2020,2019-11-12,2019-11-12T09:00:00Z,Tue,PHO,LAL,NA,NA,NA
2020,2019-11-12,2019-11-12T09:00:00Z,Tue,UTA,BRK,NA,NA,NA
2020,2019-11-12,2019-11-12T10:00:00Z,Tue,SAC,POR,NA,NA,NA
2020,2019-11-13,2019-11-13T07:00:00Z,Wed,CHO,MEM,NA,NA,NA
2020,2019-11-13,2019-11-13T07:00:00Z,Wed,ORL,PHI,NA,NA,NA
2020,2019-11-13,2019-11-13T07:30:00Z,Wed,BOS,WAS,NA,NA,NA
2020,2019-11-13,2019-11-13T07:30:00Z,Wed,HOU,LAC,NA,NA,NA
2020,2019-11-13,2019-11-13T08:00:00Z,Wed,MIN,SAS,NA,NA,NA
2020,2019-11-13,2019-11-13T10:00:00Z,Wed,LAL,GSW,NA,NA,NA
2020,2019-11-13,2019-11-13T10:00:00Z,Wed,POR,TOR,NA,NA,NA
2020,2019-11-14,2019-11-14T06:00:00Z,Thu,CLE,MIA,NA,NA,NA
2020,2019-11-14,2019-11-14T08:00:00Z,Thu,MIL,CHI,NA,NA,NA
2020,2019-11-14,2019-11-14T08:00:00Z,Thu,NOP,LAC,NA,NA,NA
2020,2019-11-14,2019-11-14T08:00:00Z,Thu,NYK,DAL,NA,NA,NA
2020,2019-11-14,2019-11-14T09:00:00Z,Thu,PHO,ATL,NA,NA,NA
2020,2019-11-14,2019-11-14T10:30:00Z,Thu,DEN,BRK,NA,NA,NA
2020,2019-11-15,2019-11-15T07:00:00Z,Fri,CHO,DET,NA,NA,NA
2020,2019-11-15,2019-11-15T07:00:00Z,Fri,ORL,SAS,NA,NA,NA
2020,2019-11-15,2019-11-15T08:00:00Z,Fri,HOU,IND,NA,NA,NA
2020,2019-11-15,2019-11-15T08:00:00Z,Fri,MEM,UTA,NA,NA,NA
2020,2019-11-15,2019-11-15T08:00:00Z,Fri,MIN,WAS,NA,NA,NA
2020,2019-11-15,2019-11-15T08:00:00Z,Fri,OKC,PHI,NA,NA,NA
2020,2019-11-15,2019-11-15T10:30:00Z,Fri,GSW,BOS,NA,NA,NA
2020,2019-11-15,2019-11-15T10:30:00Z,Fri,LAL,SAC,NA,NA,NA
2020,2019-11-16,2019-11-16T06:00:00Z,Sat,CHI,BRK,NA,NA,NA
2020,2019-11-16,2019-11-16T07:00:00Z,Sat,IND,MIL,NA,NA,NA
2020,2019-11-16,2019-11-16T07:30:00Z,Sat,NYK,CHO,NA,NA,NA
2020,2019-11-16,2019-11-16T08:00:00Z,Sat,MIA,NOP,NA,NA,NA
2020,2019-11-16,2019-11-16T08:00:00Z,Sat,MIN,HOU,NA,NA,NA
2020,2019-11-16,2019-11-16T08:30:00Z,Sat,DAL,TOR,NA,NA,NA
2020,2019-11-16,2019-11-16T08:30:00Z,Sat,SAS,POR,NA,NA,NA
2020,2019-11-16,2019-11-16T10:30:00Z,Sat,LAC,ATL,NA,NA,NA
2020,2019-11-17,2019-11-17T03:00:00Z,Sun,CLE,PHI,NA,NA,NA
2020,2019-11-17,2019-11-17T03:30:00Z,Sun,SAC,BOS,NA,NA,NA
2020,2019-11-17,2019-11-17T06:00:00Z,Sun,MEM,DEN,NA,NA,NA
2020,2019-11-17,2019-11-17T06:00:00Z,Sun,ORL,WAS,NA,NA,NA
2020,2019-11-17,2019-11-17T07:00:00Z,Sun,NOP,GSW,NA,NA,NA
2020,2019-11-17,2019-11-17T09:30:00Z,Sun,LAL,ATL,NA,NA,NA
2020,2019-11-18,2019-11-18T07:00:00Z,Mon,NYK,CLE,NA,NA,NA
2020,2019-11-18,2019-11-18T07:30:00Z,Mon,BRK,IND,NA,NA,NA
2020,2019-11-18,2019-11-18T07:30:00Z,Mon,TOR,CHO,NA,NA,NA
2020,2019-11-18,2019-11-18T08:00:00Z,Mon,CHI,MIL,NA,NA,NA
2020,2019-11-18,2019-11-18T08:00:00Z,Mon,HOU,POR,NA,NA,NA
2020,2019-11-18,2019-11-18T08:30:00Z,Mon,DAL,SAS,NA,NA,NA
2020,2019-11-18,2019-11-18T09:00:00Z,Mon,PHO,BOS,NA,NA,NA
2020,2019-11-18,2019-11-18T09:00:00Z,Mon,UTA,MIN,NA,NA,NA
2020,2019-11-18,2019-11-18T10:30:00Z,Mon,LAC,OKC,NA,NA,NA
2020,2019-11-19,2019-11-19T08:00:00Z,Tue,MEM,GSW,NA,NA,NA
2020,2019-11-19,2019-11-19T08:00:00Z,Tue,NOP,POR,NA,NA,NA
2020,2019-11-19,2019-11-19T10:00:00Z,Tue,SAC,PHO,NA,NA,NA
2020,2019-11-19,2019-11-19T10:30:00Z,Tue,LAL,OKC,NA,NA,NA
2020,2019-11-20,2019-11-20T07:00:00Z,Wed,PHI,NYK,NA,NA,NA
2020,2019-11-20,2019-11-20T07:00:00Z,Wed,WAS,SAS,NA,NA,NA
2020,2019-11-20,2019-11-20T07:30:00Z,Wed,ATL,MIL,NA,NA,NA
2020,2019-11-20,2019-11-20T07:30:00Z,Wed,BRK,CHO,NA,NA,NA
2020,2019-11-20,2019-11-20T07:30:00Z,Wed,DAL,GSW,NA,NA,NA
2020,2019-11-20,2019-11-20T07:30:00Z,Wed,MIA,CLE,NA,NA,NA
2020,2019-11-20,2019-11-20T07:30:00Z,Wed,TOR,ORL,NA,NA,NA
2020,2019-11-20,2019-11-20T08:00:00Z,Wed,CHI,DET,NA,NA,NA
2020,2019-11-20,2019-11-20T08:00:00Z,Wed,MIN,UTA,NA,NA,NA
2020,2019-11-20,2019-11-20T09:00:00Z,Wed,DEN,HOU,NA,NA,NA
2020,2019-11-20,2019-11-20T10:00:00Z,Wed,LAC,BOS,NA,NA,NA
2020,2019-11-21,2019-11-21T08:00:00Z,Thu,MIL,POR,NA,NA,NA
2020,2019-11-21,2019-11-21T10:30:00Z,Thu,PHO,NOP,NA,NA,NA
2020,2019-11-22,2019-11-22T07:00:00Z,Fri,DET,ATL,NA,NA,NA
2020,2019-11-22,2019-11-22T07:00:00Z,Fri,WAS,CHO,NA,NA,NA
2020,2019-11-22,2019-11-22T07:30:00Z,Fri,BRK,SAC,NA,NA,NA
2020,2019-11-22,2019-11-22T08:00:00Z,Fri,CHI,MIA,NA,NA,NA
2020,2019-11-22,2019-11-22T08:00:00Z,Fri,OKC,LAL,NA,NA,NA
2020,2019-11-22,2019-11-22T08:00:00Z,Fri,PHI,SAS,NA,NA,NA
2020,2019-11-22,2019-11-22T08:30:00Z,Fri,DAL,CLE,NA,NA,NA
2020,2019-11-22,2019-11-22T09:00:00Z,Fri,DEN,BOS,NA,NA,NA
2020,2019-11-22,2019-11-22T09:00:00Z,Fri,UTA,GSW,NA,NA,NA
2020,2019-11-22,2019-11-22T10:30:00Z,Fri,LAC,HOU,NA,NA,NA
2020,2019-11-23,2019-11-23T05:00:00Z,Sat,MIN,PHO,NA,NA,NA
2020,2019-11-23,2019-11-23T07:00:00Z,Sat,CHO,CHI,NA,NA,NA
2020,2019-11-23,2019-11-23T07:00:00Z,Sat,IND,ORL,NA,NA,NA
2020,2019-11-23,2019-11-23T07:30:00Z,Sat,ATL,TOR,NA,NA,NA
2020,2019-11-23,2019-11-23T07:30:00Z,Sat,NYK,SAS,NA,NA,NA
2020,2019-11-23,2019-11-23T07:30:00Z,Sat,PHI,MIA,NA,NA,NA
2020,2019-11-23,2019-11-23T08:00:00Z,Sat,CLE,POR,NA,NA,NA
2020,2019-11-23,2019-11-23T08:00:00Z,Sat,MEM,LAL,NA,NA,NA
2020,2019-11-23,2019-11-23T08:30:00Z,Sat,MIL,DET,NA,NA,NA
2020,2019-11-23,2019-11-23T09:00:00Z,Sat,UTA,NOP,NA,NA,NA
2020,2019-11-24,2019-11-24T03:30:00Z,Sun,HOU,DAL,NA,NA,NA
2020,2019-11-24,2019-11-24T06:00:00Z,Sun,NYK,BRK,NA,NA,NA
2020,2019-11-24,2019-11-24T06:00:00Z,Sun,WAS,SAC,NA,NA,NA
2020,2019-11-24,2019-11-24T08:00:00Z,Sun,DEN,PHO,NA,NA,NA
2020,2019-11-24,2019-11-24T09:00:00Z,Sun,LAC,NOP,NA,NA,NA
2020,2019-11-25,2019-11-25T07:00:00Z,Mon,CLE,BRK,NA,NA,NA
2020,2019-11-25,2019-11-25T07:00:00Z,Mon,DET,ORL,NA,NA,NA
2020,2019-11-25,2019-11-25T07:00:00Z,Mon,IND,MEM,NA,NA,NA
2020,2019-11-25,2019-11-25T07:30:00Z,Mon,ATL,MIN,NA,NA,NA
2020,2019-11-25,2019-11-25T07:30:00Z,Mon,BOS,SAC,NA,NA,NA
2020,2019-11-25,2019-11-25T07:30:00Z,Mon,MIA,CHO,NA,NA,NA
2020,2019-11-25,2019-11-25T07:30:00Z,Mon,TOR,PHI,NA,NA,NA
2020,2019-11-25,2019-11-25T08:00:00Z,Mon,CHI,POR,NA,NA,NA
2020,2019-11-25,2019-11-25T08:00:00Z,Mon,MIL,UTA,NA,NA,NA
2020,2019-11-25,2019-11-25T08:30:00Z,Mon,SAS,LAL,NA,NA,NA
2020,2019-11-25,2019-11-25T10:30:00Z,Mon,GSW,OKC,NA,NA,NA
2020,2019-11-26,2019-11-26T08:30:00Z,Tue,DAL,LAC,NA,NA,NA
2020,2019-11-26,2019-11-26T09:00:00Z,Tue,DEN,WAS,NA,NA,NA
2020,2019-11-27,2019-11-27T07:00:00Z,Wed,BOS,BRK,NA,NA,NA
2020,2019-11-27,2019-11-27T07:00:00Z,Wed,CHO,DET,NA,NA,NA
2020,2019-11-27,2019-11-27T07:00:00Z,Wed,CLE,ORL,NA,NA,NA
2020,2019-11-27,2019-11-27T07:00:00Z,Wed,IND,UTA,NA,NA,NA
2020,2019-11-27,2019-11-27T07:00:00Z,Wed,PHI,SAC,NA,NA,NA
2020,2019-11-27,2019-11-27T07:30:00Z,Wed,TOR,NYK,NA,NA,NA
2020,2019-11-27,2019-11-27T08:00:00Z,Wed,HOU,MIA,NA,NA,NA
2020,2019-11-27,2019-11-27T08:00:00Z,Wed,MEM,LAC,NA,NA,NA
2020,2019-11-27,2019-11-27T08:00:00Z,Wed,MIL,ATL,NA,NA,NA
2020,2019-11-27,2019-11-27T08:30:00Z,Wed,SAS,MIN,NA,NA,NA
2020,2019-11-27,2019-11-27T09:00:00Z,Wed,PHO,WAS,NA,NA,NA
2020,2019-11-27,2019-11-27T09:30:00Z,Wed,NOP,LAL,NA,NA,NA
2020,2019-11-27,2019-11-27T10:00:00Z,Wed,POR,OKC,NA,NA,NA
2020,2019-11-27,2019-11-27T10:30:00Z,Wed,GSW,CHI,NA,NA,NA
2020,2019-11-29,2019-11-29T12:00:00Z,Fri,BRK,BOS,NA,NA,NA
2020,2019-11-29,2019-11-29T07:00:00Z,Fri,DET,CHO,NA,NA,NA
2020,2019-11-29,2019-11-29T07:00:00Z,Fri,ORL,TOR,NA,NA,NA
2020,2019-11-29,2019-11-29T07:30:00Z,Fri,CLE,MIL,NA,NA,NA
2020,2019-11-29,2019-11-29T07:30:00Z,Fri,NYK,PHI,NA,NA,NA
2020,2019-11-29,2019-11-29T08:00:00Z,Fri,IND,ATL,NA,NA,NA
2020,2019-11-29,2019-11-29T08:00:00Z,Fri,MEM,UTA,NA,NA,NA
2020,2019-11-29,2019-11-29T08:00:00Z,Fri,MIA,GSW,NA,NA,NA
2020,2019-11-29,2019-11-29T08:00:00Z,Fri,OKC,NOP,NA,NA,NA
2020,2019-11-29,2019-11-29T08:30:00Z,Fri,SAS,LAC,NA,NA,NA
2020,2019-11-29,2019-11-29T09:00:00Z,Fri,PHO,DAL,NA,NA,NA
2020,2019-11-29,2019-11-29T10:00:00Z,Fri,POR,CHI,NA,NA,NA
2020,2019-11-29,2019-11-29T10:30:00Z,Fri,LAL,WAS,NA,NA,NA
2020,2019-11-30,2019-11-30T05:00:00Z,Sat,SAC,DEN,NA,NA,NA
2020,2019-11-30,2019-11-30T07:00:00Z,Sat,PHI,IND,NA,NA,NA
2020,2019-11-30,2019-11-30T08:00:00Z,Sat,HOU,ATL,NA,NA,NA
2020,2019-11-30,2019-11-30T08:00:00Z,Sat,MIL,CHO,NA,NA,NA
2020,2019-12-01,2019-12-01T03:00:00Z,Sun,BRK,MIA,NA,NA,NA
2020,2019-12-01,2019-12-01T03:30:00Z,Sun,MIN,MEM,NA,NA,NA
2020,2019-12-01,2019-12-01T03:30:00Z,Sun,NYK,BOS,NA,NA,NA
2020,2019-12-01,2019-12-01T04:00:00Z,Sun,LAL,DAL,NA,NA,NA
2020,2019-12-01,2019-12-01T05:00:00Z,Sun,DET,SAS,NA,NA,NA
2020,2019-12-01,2019-12-01T05:00:00Z,Sun,NOP,OKC,NA,NA,NA
2020,2019-12-01,2019-12-01T06:00:00Z,Sun,ORL,GSW,NA,NA,NA
2020,2019-12-01,2019-12-01T06:00:00Z,Sun,TOR,UTA,NA,NA,NA
2020,2019-12-01,2019-12-01T10:30:00Z,Sun,LAC,WAS,NA,NA,NA
2020,2019-12-02,2019-12-02T07:00:00Z,Mon,CHO,PHO,NA,NA,NA
2020,2019-12-02,2019-12-02T07:00:00Z,Mon,PHI,UTA,NA,NA,NA
2020,2019-12-02,2019-12-02T07:30:00Z,Mon,ATL,GSW,NA,NA,NA
2020,2019-12-02,2019-12-02T08:00:00Z,Mon,MEM,IND,NA,NA,NA
2020,2019-12-02,2019-12-02T08:00:00Z,Mon,MIL,NYK,NA,NA,NA
2020,2019-12-02,2019-12-02T10:00:00Z,Mon,SAC,CHI,NA,NA,NA
2020,2019-12-03,2019-12-03T07:00:00Z,Tue,CLE,DET,NA,NA,NA
2020,2019-12-03,2019-12-03T07:00:00Z,Tue,WAS,ORL,NA,NA,NA
2020,2019-12-03,2019-12-03T07:30:00Z,Tue,NOP,DAL,NA,NA,NA
2020,2019-12-03,2019-12-03T07:30:00Z,Tue,TOR,MIA,NA,NA,NA
2020,2019-12-03,2019-12-03T08:30:00Z,Tue,SAS,HOU,NA,NA,NA
2020,2019-12-03,2019-12-03T09:00:00Z,Tue,DEN,LAL,NA,NA,NA
2020,2019-12-03,2019-12-03T10:00:00Z,Tue,LAC,POR,NA,NA,NA
2020,2019-12-04,2019-12-04T07:00:00Z,Wed,CHO,GSW,NA,NA,NA
2020,2019-12-04,2019-12-04T07:00:00Z,Wed,DET,MIL,NA,NA,NA
2020,2019-12-04,2019-12-04T07:00:00Z,Wed,ORL,PHO,NA,NA,NA
2020,2019-12-04,2019-12-04T07:30:00Z,Wed,ATL,BRK,NA,NA,NA
2020,2019-12-04,2019-12-04T07:30:00Z,Wed,BOS,MIA,NA,NA,NA
2020,2019-12-04,2019-12-04T08:00:00Z,Wed,CHI,MEM,NA,NA,NA
2020,2019-12-04,2019-12-04T08:00:00Z,Wed,OKC,IND,NA,NA,NA
2020,2019-12-04,2019-12-04T08:30:00Z,Wed,DAL,MIN,NA,NA,NA
2020,2019-12-04,2019-12-04T09:00:00Z,Wed,UTA,LAL,NA,NA,NA
2020,2019-12-04,2019-12-04T10:00:00Z,Wed,POR,SAC,NA,NA,NA
2020,2019-12-05,2019-12-05T07:00:00Z,Thu,WAS,PHI,NA,NA,NA
2020,2019-12-05,2019-12-05T07:30:00Z,Thu,NYK,DEN,NA,NA,NA
2020,2019-12-05,2019-12-05T07:30:00Z,Thu,TOR,HOU,NA,NA,NA
2020,2019-12-05,2019-12-05T08:00:00Z,Thu,NOP,PHO,NA,NA,NA
2020,2019-12-06,2019-12-06T07:00:00Z,Fri,CHO,BRK,NA,NA,NA
2020,2019-12-06,2019-12-06T07:00:00Z,Fri,CLE,ORL,NA,NA,NA
2020,2019-12-06,2019-12-06T07:00:00Z,Fri,DET,IND,NA,NA,NA
2020,2019-12-06,2019-12-06T08:00:00Z,Fri,BOS,DEN,NA,NA,NA
2020,2019-12-06,2019-12-06T08:00:00Z,Fri,CHI,GSW,NA,NA,NA
2020,2019-12-06,2019-12-06T08:00:00Z,Fri,MIA,WAS,NA,NA,NA
2020,2019-12-06,2019-12-06T08:00:00Z,Fri,OKC,MIN,NA,NA,NA
2020,2019-12-06,2019-12-06T08:30:00Z,Fri,MIL,LAC,NA,NA,NA
2020,2019-12-06,2019-12-06T08:30:00Z,Fri,SAS,SAC,NA,NA,NA
2020,2019-12-06,2019-12-06T10:30:00Z,Fri,POR,LAL,NA,NA,NA
2020,2019-12-07,2019-12-07T02:00:00Z,Sat,DAL,NOP,NA,NA,NA
2020,2019-12-07,2019-12-07T07:30:00Z,Sat,NYK,IND,NA,NA,NA
2020,2019-12-07,2019-12-07T07:30:00Z,Sat,PHI,CLE,NA,NA,NA
2020,2019-12-07,2019-12-07T08:00:00Z,Sat,HOU,PHO,NA,NA,NA
2020,2019-12-07,2019-12-07T10:00:00Z,Sat,UTA,MEM,NA,NA,NA
2020,2019-12-08,2019-12-08T03:00:00Z,Sun,BRK,DEN,NA,NA,NA
2020,2019-12-08,2019-12-08T05:00:00Z,Sun,CHO,ATL,NA,NA,NA
2020,2019-12-08,2019-12-08T06:00:00Z,Sun,MIA,CHI,NA,NA,NA
2020,2019-12-08,2019-12-08T06:00:00Z,Sun,PHI,TOR,NA,NA,NA
2020,2019-12-08,2019-12-08T06:00:00Z,Sun,WAS,LAC,NA,NA,NA
2020,2019-12-08,2019-12-08T07:00:00Z,Sun,DAL,SAC,NA,NA,NA
2020,2019-12-08,2019-12-08T09:00:00Z,Sun,POR,OKC,NA,NA,NA
2020,2019-12-08,2019-12-08T09:30:00Z,Sun,LAL,MIN,NA,NA,NA
2020,2019-12-09,2019-12-09T07:00:00Z,Mon,IND,LAC,NA,NA,NA
2020,2019-12-09,2019-12-09T07:30:00Z,Mon,BOS,CLE,NA,NA,NA
2020,2019-12-09,2019-12-09T08:00:00Z,Mon,CHI,TOR,NA,NA,NA
2020,2019-12-09,2019-12-09T08:00:00Z,Mon,HOU,SAC,NA,NA,NA
2020,2019-12-09,2019-12-09T08:00:00Z,Mon,MIL,ORL,NA,NA,NA
2020,2019-12-09,2019-12-09T08:00:00Z,Mon,NOP,DET,NA,NA,NA
2020,2019-12-09,2019-12-09T09:00:00Z,Mon,PHO,MIN,NA,NA,NA
2020,2019-12-09,2019-12-09T09:00:00Z,Mon,UTA,OKC,NA,NA,NA
2020,2019-12-09,2019-12-09T10:30:00Z,Mon,GSW,MEM,NA,NA,NA
2020,2019-12-10,2019-12-10T07:00:00Z,Tue,CHO,WAS,NA,NA,NA
2020,2019-12-10,2019-12-10T07:00:00Z,Tue,PHI,DEN,NA,NA,NA
2020,2019-12-10,2019-12-10T08:00:00Z,Tue,MIA,ATL,NA,NA,NA
2020,2019-12-10,2019-12-10T10:00:00Z,Tue,POR,NYK,NA,NA,NA
2020,2019-12-11,2019-12-11T07:00:00Z,Wed,CLE,HOU,NA,NA,NA
2020,2019-12-11,2019-12-11T07:00:00Z,Wed,IND,BOS,NA,NA,NA
2020,2019-12-11,2019-12-11T07:00:00Z,Wed,ORL,LAL,NA,NA,NA
2020,2019-12-11,2019-12-11T07:00:00Z,Wed,TOR,LAC,NA,NA,NA
2020,2019-12-11,2019-12-11T07:30:00Z,Wed,BRK,CHO,NA,NA,NA
2020,2019-12-11,2019-12-11T08:00:00Z,Wed,CHI,ATL,NA,NA,NA
2020,2019-12-11,2019-12-11T08:00:00Z,Wed,MIN,UTA,NA,NA,NA
2020,2019-12-11,2019-12-11T09:00:00Z,Wed,PHO,MEM,NA,NA,NA
2020,2019-12-11,2019-12-11T09:30:00Z,Wed,MIL,NOP,NA,NA,NA
2020,2019-12-11,2019-12-11T10:00:00Z,Wed,SAC,OKC,NA,NA,NA
2020,2019-12-11,2019-12-11T10:30:00Z,Wed,GSW,NYK,NA,NA,NA
2020,2019-12-12,2019-12-12T08:00:00Z,Thu,BOS,PHI,NA,NA,NA
2020,2019-12-12,2019-12-12T08:30:00Z,Thu,SAS,CLE,NA,NA,NA
2020,2019-12-12,2019-12-12T09:00:00Z,Thu,DET,DAL,NA,NA,NA
2020,2019-12-12,2019-12-12T10:30:00Z,Thu,DEN,POR,NA,NA,NA
2020,2019-12-13,2019-12-13T07:00:00Z,Fri,ORL,HOU,NA,NA,NA
2020,2019-12-13,2019-12-13T07:00:00Z,Fri,PHI,NOP,NA,NA,NA
2020,2019-12-13,2019-12-13T07:30:00Z,Fri,ATL,IND,NA,NA,NA
2020,2019-12-13,2019-12-13T08:00:00Z,Fri,CHI,CHO,NA,NA,NA
2020,2019-12-13,2019-12-13T08:00:00Z,Fri,MEM,MIL,NA,NA,NA
2020,2019-12-13,2019-12-13T08:00:00Z,Fri,MIA,LAL,NA,NA,NA
2020,2019-12-13,2019-12-13T08:00:00Z,Fri,MIN,LAC,NA,NA,NA
2020,2019-12-13,2019-12-13T10:00:00Z,Fri,SAC,NYK,NA,NA,NA
2020,2019-12-13,2019-12-13T10:30:00Z,Fri,UTA,GSW,NA,NA,NA
2020,2019-12-14,2019-12-14T05:00:00Z,Sat,PHO,SAS,NA,NA,NA
2020,2019-12-14,2019-12-14T07:30:00Z,Sat,TOR,BRK,NA,NA,NA
2020,2019-12-14,2019-12-14T08:00:00Z,Sat,CHI,LAC,NA,NA,NA
2020,2019-12-14,2019-12-14T08:00:00Z,Sat,MEM,WAS,NA,NA,NA
2020,2019-12-14,2019-12-14T08:30:00Z,Sat,DAL,MIA,NA,NA,NA
2020,2019-12-14,2019-12-14T08:30:00Z,Sat,MIL,CLE,NA,NA,NA
2020,2019-12-14,2019-12-14T09:00:00Z,Sat,DEN,OKC,NA,NA,NA
2020,2019-12-14,2019-12-14T09:00:00Z,Sat,HOU,DET,NA,NA,NA
2020,2019-12-15,2019-12-15T03:30:00Z,Sun,NOP,ORL,NA,NA,NA
2020,2019-12-15,2019-12-15T05:00:00Z,Sun,IND,CHO,NA,NA,NA
2020,2019-12-15,2019-12-15T06:00:00Z,Sun,ATL,LAL,NA,NA,NA
2020,2019-12-15,2019-12-15T06:00:00Z,Sun,BRK,PHI,NA,NA,NA
2020,2019-12-15,2019-12-15T08:00:00Z,Sun,DEN,NYK,NA,NA,NA
2020,2019-12-15,2019-12-15T08:30:00Z,Sun,GSW,SAC,NA,NA,NA
2020,2019-12-16,2019-12-16T07:00:00Z,Mon,DET,WAS,NA,NA,NA
2020,2019-12-16,2019-12-16T07:30:00Z,Mon,TOR,CLE,NA,NA,NA
2020,2019-12-16,2019-12-16T08:00:00Z,Mon,HOU,SAS,NA,NA,NA
2020,2019-12-16,2019-12-16T08:00:00Z,Mon,MEM,MIA,NA,NA,NA
2020,2019-12-16,2019-12-16T08:00:00Z,Mon,MIL,DAL,NA,NA,NA
2020,2019-12-16,2019-12-16T08:00:00Z,Mon,OKC,CHI,NA,NA,NA
2020,2019-12-16,2019-12-16T09:00:00Z,Mon,PHO,POR,NA,NA,NA
2020,2019-12-17,2019-12-17T07:00:00Z,Tue,CHO,SAC,NA,NA,NA
2020,2019-12-17,2019-12-17T07:00:00Z,Tue,IND,LAL,NA,NA,NA
2020,2019-12-17,2019-12-17T07:30:00Z,Tue,NYK,ATL,NA,NA,NA
2020,2019-12-17,2019-12-17T08:00:00Z,Tue,NOP,BRK,NA,NA,NA
2020,2019-12-17,2019-12-17T09:00:00Z,Tue,UTA,ORL,NA,NA,NA
2020,2019-12-17,2019-12-17T10:30:00Z,Tue,LAC,PHO,NA,NA,NA
2020,2019-12-18,2019-12-18T07:00:00Z,Wed,CLE,CHO,NA,NA,NA
2020,2019-12-18,2019-12-18T07:00:00Z,Wed,DET,TOR,NA,NA,NA
2020,2019-12-18,2019-12-18T07:00:00Z,Wed,WAS,CHI,NA,NA,NA
2020,2019-12-18,2019-12-18T07:30:00Z,Wed,PHI,MIA,NA,NA,NA
2020,2019-12-18,2019-12-18T08:00:00Z,Wed,MIN,NOP,NA,NA,NA
2020,2019-12-18,2019-12-18T08:00:00Z,Wed,OKC,MEM,NA,NA,NA
2020,2019-12-18,2019-12-18T08:30:00Z,Wed,DAL,BOS,NA,NA,NA
2020,2019-12-18,2019-12-18T09:00:00Z,Wed,DEN,ORL,NA,NA,NA
2020,2019-12-18,2019-12-18T10:00:00Z,Wed,POR,GSW,NA,NA,NA
2020,2019-12-19,2019-12-19T07:30:00Z,Thu,ATL,UTA,NA,NA,NA
2020,2019-12-19,2019-12-19T08:00:00Z,Thu,MIL,LAL,NA,NA,NA
2020,2019-12-19,2019-12-19T08:30:00Z,Thu,SAS,BRK,NA,NA,NA
2020,2019-12-19,2019-12-19T10:30:00Z,Thu,LAC,HOU,NA,NA,NA
2020,2019-12-20,2019-12-20T07:00:00Z,Fri,CLE,MEM,NA,NA,NA
2020,2019-12-20,2019-12-20T07:00:00Z,Fri,IND,SAC,NA,NA,NA
2020,2019-12-20,2019-12-20T07:30:00Z,Fri,BOS,DET,NA,NA,NA
2020,2019-12-20,2019-12-20T07:30:00Z,Fri,TOR,WAS,NA,NA,NA
2020,2019-12-20,2019-12-20T08:00:00Z,Fri,MIA,NYK,NA,NA,NA
2020,2019-12-20,2019-12-20T08:00:00Z,Fri,OKC,PHO,NA,NA,NA
2020,2019-12-20,2019-12-20T08:00:00Z,Fri,PHI,DAL,NA,NA,NA
2020,2019-12-20,2019-12-20T09:00:00Z,Fri,DEN,MIN,NA,NA,NA
2020,2019-12-20,2019-12-20T10:00:00Z,Fri,POR,ORL,NA,NA,NA
2020,2019-12-20,2019-12-20T10:30:00Z,Fri,GSW,NOP,NA,NA,NA
2020,2019-12-21,2019-12-21T05:00:00Z,Sat,CHO,UTA,NA,NA,NA
2020,2019-12-21,2019-12-21T06:00:00Z,Sat,BRK,ATL,NA,NA,NA
2020,2019-12-21,2019-12-21T07:00:00Z,Sat,DET,CHI,NA,NA,NA
2020,2019-12-21,2019-12-21T07:00:00Z,Sat,PHI,WAS,NA,NA,NA
2020,2019-12-21,2019-12-21T07:30:00Z,Sat,NYK,MIL,NA,NA,NA
2020,2019-12-21,2019-12-21T08:00:00Z,Sat,MEM,SAC,NA,NA,NA
2020,2019-12-21,2019-12-21T08:30:00Z,Sat,SAS,LAC,NA,NA,NA
2020,2019-12-21,2019-12-21T09:00:00Z,Sat,PHO,HOU,NA,NA,NA
2020,2019-12-21,2019-12-21T10:00:00Z,Sat,POR,MIN,NA,NA,NA
2020,2019-12-22,2019-12-22T03:30:00Z,Sun,TOR,DAL,NA,NA,NA
2020,2019-12-22,2019-12-22T06:00:00Z,Sun,BOS,CHO,NA,NA,NA
2020,2019-12-22,2019-12-22T07:00:00Z,Sun,MIL,IND,NA,NA,NA
2020,2019-12-22,2019-12-22T07:00:00Z,Sun,OKC,LAC,NA,NA,NA
2020,2019-12-22,2019-12-22T09:30:00Z,Sun,LAL,DEN,NA,NA,NA
2020,2019-12-23,2019-12-23T07:00:00Z,Mon,CLE,ATL,NA,NA,NA
2020,2019-12-23,2019-12-23T07:00:00Z,Mon,DET,PHI,NA,NA,NA
2020,2019-12-23,2019-12-23T07:00:00Z,Mon,IND,TOR,NA,NA,NA
2020,2019-12-23,2019-12-23T07:00:00Z,Mon,NYK,WAS,NA,NA,NA
2020,2019-12-23,2019-12-23T07:00:00Z,Mon,ORL,CHI,NA,NA,NA
2020,2019-12-23,2019-12-23T07:30:00Z,Mon,MIA,UTA,NA,NA,NA
2020,2019-12-23,2019-12-23T08:00:00Z,Mon,MEM,SAS,NA,NA,NA
2020,2019-12-23,2019-12-23T09:00:00Z,Mon,PHO,DEN,NA,NA,NA
2020,2019-12-23,2019-12-23T10:00:00Z,Mon,POR,NOP,NA,NA,NA
2020,2019-12-23,2019-12-23T10:00:00Z,Mon,SAC,HOU,NA,NA,NA
2020,2019-12-23,2019-12-23T10:30:00Z,Mon,GSW,MIN,NA,NA,NA
2020,2019-12-25,2019-12-25T12:00:00Z,Wed,TOR,BOS,NA,NA,NA
2020,2019-12-25,2019-12-25T02:30:00Z,Wed,PHI,MIL,NA,NA,NA
2020,2019-12-25,2019-12-25T05:00:00Z,Wed,GSW,HOU,NA,NA,NA
2020,2019-12-25,2019-12-25T08:00:00Z,Wed,LAL,LAC,NA,NA,NA
2020,2019-12-25,2019-12-25T10:30:00Z,Wed,DEN,NOP,NA,NA,NA
2020,2019-12-26,2019-12-26T07:00:00Z,Thu,DET,WAS,NA,NA,NA
2020,2019-12-26,2019-12-26T08:00:00Z,Thu,BRK,NYK,NA,NA,NA
2020,2019-12-26,2019-12-26T08:00:00Z,Thu,OKC,MEM,NA,NA,NA
2020,2019-12-26,2019-12-26T08:30:00Z,Thu,DAL,SAS,NA,NA,NA
2020,2019-12-26,2019-12-26T10:00:00Z,Thu,SAC,MIN,NA,NA,NA
2020,2019-12-26,2019-12-26T10:30:00Z,Thu,UTA,POR,NA,NA,NA
2020,2019-12-27,2019-12-27T04:00:00Z,Fri,BOS,CLE,NA,NA,NA
2020,2019-12-27,2019-12-27T07:00:00Z,Fri,CHO,OKC,NA,NA,NA
2020,2019-12-27,2019-12-27T07:00:00Z,Fri,ORL,PHI,NA,NA,NA
2020,2019-12-27,2019-12-27T07:30:00Z,Fri,ATL,MIL,NA,NA,NA
2020,2019-12-27,2019-12-27T08:00:00Z,Fri,MIA,IND,NA,NA,NA
2020,2019-12-27,2019-12-27T10:30:00Z,Fri,GSW,PHO,NA,NA,NA
2020,2019-12-28,2019-12-28T05:00:00Z,Sat,DEN,MEM,NA,NA,NA
2020,2019-12-28,2019-12-28T07:00:00Z,Sat,BOS,TOR,NA,NA,NA
2020,2019-12-28,2019-12-28T07:00:00Z,Sat,NOP,IND,NA,NA,NA
2020,2019-12-28,2019-12-28T08:00:00Z,Sat,CHI,ATL,NA,NA,NA
2020,2019-12-28,2019-12-28T08:00:00Z,Sat,HOU,BRK,NA,NA,NA
2020,2019-12-28,2019-12-28T08:00:00Z,Sat,MIA,PHI,NA,NA,NA
2020,2019-12-28,2019-12-28T08:00:00Z,Sat,MIN,CLE,NA,NA,NA
2020,2019-12-28,2019-12-28T08:00:00Z,Sat,WAS,NYK,NA,NA,NA
2020,2019-12-28,2019-12-28T08:30:00Z,Sat,GSW,DAL,NA,NA,NA
2020,2019-12-28,2019-12-28T08:30:00Z,Sat,MIL,ORL,NA,NA,NA
2020,2019-12-28,2019-12-28T08:30:00Z,Sat,SAS,DET,NA,NA,NA
2020,2019-12-28,2019-12-28T09:00:00Z,Sat,SAC,PHO,NA,NA,NA
2020,2019-12-28,2019-12-28T10:00:00Z,Sat,POR,LAL,NA,NA,NA
2020,2019-12-28,2019-12-28T10:30:00Z,Sat,LAC,UTA,NA,NA,NA
2020,2019-12-29,2019-12-29T06:00:00Z,Sun,TOR,OKC,NA,NA,NA
2020,2019-12-29,2019-12-29T08:00:00Z,Sun,DEN,SAC,NA,NA,NA
2020,2019-12-29,2019-12-29T08:00:00Z,Sun,MEM,CHO,NA,NA,NA
2020,2019-12-29,2019-12-29T08:00:00Z,Sun,NOP,HOU,NA,NA,NA
2020,2019-12-29,2019-12-29T09:30:00Z,Sun,LAL,DAL,NA,NA,NA
2020,2019-12-30,2019-12-30T07:00:00Z,Mon,ORL,ATL,NA,NA,NA
2020,2019-12-30,2019-12-30T07:00:00Z,Mon,WAS,MIA,NA,NA,NA
2020,2019-12-30,2019-12-30T08:00:00Z,Mon,CHI,MIL,NA,NA,NA
2020,2019-12-30,2019-12-30T08:00:00Z,Mon,MIN,BRK,NA,NA,NA
2020,2019-12-30,2019-12-30T09:00:00Z,Mon,UTA,DET,NA,NA,NA
2020,2019-12-30,2019-12-30T10:00:00Z,Mon,POR,PHO,NA,NA,NA
2020,2019-12-31,2019-12-31T03:00:00Z,Tue,CHO,BOS,NA,NA,NA
2020,2019-12-31,2019-12-31T03:00:00Z,Tue,IND,PHI,NA,NA,NA
2020,2019-12-31,2019-12-31T05:00:00Z,Tue,SAC,LAC,NA,NA,NA
2020,2019-12-31,2019-12-31T07:00:00Z,Tue,HOU,DEN,NA,NA,NA
2020,2019-12-31,2019-12-31T07:00:00Z,Tue,SAS,GSW,NA,NA,NA
2020,2019-12-31,2019-12-31T07:00:00Z,Tue,TOR,CLE,NA,NA,NA
2020,2019-12-31,2019-12-31T08:00:00Z,Tue,OKC,DAL,NA,NA,NA
2020,2020-01-01,2020-01-01T06:00:00Z,Wed,WAS,ORL,NA,NA,NA
2020,2020-01-01,2020-01-01T07:30:00Z,Wed,NYK,POR,NA,NA,NA
2020,2020-01-01,2020-01-01T08:00:00Z,Wed,MIL,MIN,NA,NA,NA
2020,2020-01-01,2020-01-01T10:30:00Z,Wed,LAL,PHO,NA,NA,NA
2020,2020-01-02,2020-01-02T07:00:00Z,Thu,CLE,CHO,NA,NA,NA
2020,2020-01-02,2020-01-02T07:00:00Z,Thu,IND,DEN,NA,NA,NA
2020,2020-01-02,2020-01-02T07:30:00Z,Thu,MIA,TOR,NA,NA,NA
2020,2020-01-02,2020-01-02T08:00:00Z,Thu,CHI,UTA,NA,NA,NA
2020,2020-01-02,2020-01-02T08:00:00Z,Thu,MIN,GSW,NA,NA,NA
2020,2020-01-02,2020-01-02T08:30:00Z,Thu,DAL,BRK,NA,NA,NA
2020,2020-01-02,2020-01-02T08:30:00Z,Thu,SAS,OKC,NA,NA,NA
2020,2020-01-02,2020-01-02T10:00:00Z,Thu,SAC,MEM,NA,NA,NA
2020,2020-01-02,2020-01-02T10:30:00Z,Thu,LAC,DET,NA,NA,NA
2020,2020-01-03,2020-01-03T07:00:00Z,Fri,BOS,ATL,NA,NA,NA
2020,2020-01-03,2020-01-03T07:00:00Z,Fri,ORL,MIA,NA,NA,NA
2020,2020-01-03,2020-01-03T07:00:00Z,Fri,WAS,POR,NA,NA,NA
2020,2020-01-03,2020-01-03T08:00:00Z,Fri,HOU,PHI,NA,NA,NA
2020,2020-01-03,2020-01-03T09:00:00Z,Fri,PHO,NYK,NA,NA,NA
2020,2020-01-03,2020-01-03T10:30:00Z,Fri,LAL,NOP,NA,NA,NA
2020,2020-01-04,2020-01-04T03:30:00Z,Sat,LAC,MEM,NA,NA,NA
2020,2020-01-04,2020-01-04T06:00:00Z,Sat,BRK,TOR,NA,NA,NA
2020,2020-01-04,2020-01-04T07:00:00Z,Sat,ORL,UTA,NA,NA,NA
2020,2020-01-04,2020-01-04T07:30:00Z,Sat,ATL,IND,NA,NA,NA
2020,2020-01-04,2020-01-04T07:30:00Z,Sat,CLE,OKC,NA,NA,NA
2020,2020-01-04,2020-01-04T08:00:00Z,Sat,CHI,BOS,NA,NA,NA
2020,2020-01-04,2020-01-04T08:00:00Z,Sat,WAS,DEN,NA,NA,NA
2020,2020-01-04,2020-01-04T08:30:00Z,Sat,DAL,CHO,NA,NA,NA
2020,2020-01-04,2020-01-04T08:30:00Z,Sat,GSW,DET,NA,NA,NA
2020,2020-01-04,2020-01-04T08:30:00Z,Sat,MIL,SAS,NA,NA,NA
2020,2020-01-04,2020-01-04T10:00:00Z,Sat,SAC,NOP,NA,NA,NA
2020,2020-01-05,2020-01-05T03:30:00Z,Sun,LAC,NYK,NA,NA,NA
2020,2020-01-05,2020-01-05T06:00:00Z,Sun,MIA,POR,NA,NA,NA
2020,2020-01-05,2020-01-05T07:30:00Z,Sun,CLE,MIN,NA,NA,NA
2020,2020-01-05,2020-01-05T08:00:00Z,Sun,PHO,MEM,NA,NA,NA
2020,2020-01-05,2020-01-05T10:00:00Z,Sun,LAL,DET,NA,NA,NA
2020,2020-01-06,2020-01-06T07:00:00Z,Mon,CHO,IND,NA,NA,NA
2020,2020-01-06,2020-01-06T07:00:00Z,Mon,ORL,BRK,NA,NA,NA
2020,2020-01-06,2020-01-06T07:00:00Z,Mon,PHI,OKC,NA,NA,NA
2020,2020-01-06,2020-01-06T07:00:00Z,Mon,WAS,BOS,NA,NA,NA
2020,2020-01-06,2020-01-06T07:30:00Z,Mon,ATL,DEN,NA,NA,NA
2020,2020-01-06,2020-01-06T08:00:00Z,Mon,NOP,UTA,NA,NA,NA
2020,2020-01-06,2020-01-06T08:30:00Z,Mon,DAL,CHI,NA,NA,NA
2020,2020-01-06,2020-01-06T08:30:00Z,Mon,SAS,MIL,NA,NA,NA
2020,2020-01-06,2020-01-06T10:00:00Z,Mon,SAC,GSW,NA,NA,NA
2020,2020-01-07,2020-01-07T07:00:00Z,Tue,CLE,DET,NA,NA,NA
2020,2020-01-07,2020-01-07T07:00:00Z,Tue,TOR,POR,NA,NA,NA
2020,2020-01-07,2020-01-07T07:30:00Z,Tue,BRK,OKC,NA,NA,NA
2020,2020-01-07,2020-01-07T08:00:00Z,Tue,MEM,MIN,NA,NA,NA
2020,2020-01-07,2020-01-07T09:00:00Z,Tue,PHO,SAC,NA,NA,NA
2020,2020-01-07,2020-01-07T10:30:00Z,Tue,LAL,NYK,NA,NA,NA
2020,2020-01-08,2020-01-08T07:00:00Z,Wed,BOS,SAS,NA,NA,NA
2020,2020-01-08,2020-01-08T07:00:00Z,Wed,CHO,TOR,NA,NA,NA
2020,2020-01-08,2020-01-08T07:00:00Z,Wed,IND,MIA,NA,NA,NA
2020,2020-01-08,2020-01-08T07:00:00Z,Wed,ORL,WAS,NA,NA,NA
2020,2020-01-08,2020-01-08T07:30:00Z,Wed,ATL,HOU,NA,NA,NA
2020,2020-01-08,2020-01-08T07:30:00Z,Wed,DAL,DEN,NA,NA,NA
2020,2020-01-08,2020-01-08T08:00:00Z,Wed,NOP,CHI,NA,NA,NA
2020,2020-01-08,2020-01-08T09:00:00Z,Wed,UTA,NYK,NA,NA,NA
2020,2020-01-08,2020-01-08T10:00:00Z,Wed,GSW,MIL,NA,NA,NA
2020,2020-01-09,2020-01-09T07:00:00Z,Thu,DET,CLE,NA,NA,NA
2020,2020-01-09,2020-01-09T07:00:00Z,Thu,PHI,BOS,NA,NA,NA
2020,2020-01-09,2020-01-09T08:00:00Z,Thu,MIN,POR,NA,NA,NA
2020,2020-01-09,2020-01-09T09:30:00Z,Thu,OKC,HOU,NA,NA,NA
2020,2020-01-10,2020-01-10T07:00:00Z,Fri,WAS,ATL,NA,NA,NA
2020,2020-01-10,2020-01-10T07:30:00Z,Fri,BRK,MIA,NA,NA,NA
2020,2020-01-10,2020-01-10T08:00:00Z,Fri,CHI,IND,NA,NA,NA
2020,2020-01-10,2020-01-10T08:00:00Z,Fri,MEM,SAS,NA,NA,NA
2020,2020-01-10,2020-01-10T08:00:00Z,Fri,NYK,NOP,NA,NA,NA
2020,2020-01-10,2020-01-10T08:30:00Z,Fri,DAL,LAL,NA,NA,NA
2020,2020-01-10,2020-01-10T09:00:00Z,Fri,PHO,ORL,NA,NA,NA
2020,2020-01-10,2020-01-10T09:00:00Z,Fri,UTA,CHO,NA,NA,NA
2020,2020-01-10,2020-01-10T10:00:00Z,Fri,SAC,MIL,NA,NA,NA
2020,2020-01-10,2020-01-10T10:30:00Z,Fri,LAC,GSW,NA,NA,NA
2020,2020-01-11,2020-01-11T05:00:00Z,Sat,HOU,MIN,NA,NA,NA
2020,2020-01-11,2020-01-11T07:00:00Z,Sat,BOS,NOP,NA,NA,NA
2020,2020-01-11,2020-01-11T07:00:00Z,Sat,DET,CHI,NA,NA,NA
2020,2020-01-11,2020-01-11T08:00:00Z,Sat,OKC,LAL,NA,NA,NA
2020,2020-01-11,2020-01-11T08:30:00Z,Sat,DAL,PHI,NA,NA,NA
2020,2020-01-11,2020-01-11T09:00:00Z,Sat,DEN,CLE,NA,NA,NA
2020,2020-01-11,2020-01-11T10:00:00Z,Sat,POR,MIL,NA,NA,NA
2020,2020-01-12,2020-01-12T03:30:00Z,Sun,NYK,MIA,NA,NA,NA
2020,2020-01-12,2020-01-12T03:30:00Z,Sun,WAS,UTA,NA,NA,NA
2020,2020-01-12,2020-01-12T06:00:00Z,Sun,BRK,ATL,NA,NA,NA
2020,2020-01-12,2020-01-12T06:00:00Z,Sun,MEM,GSW,NA,NA,NA
2020,2020-01-12,2020-01-12T06:00:00Z,Sun,TOR,SAS,NA,NA,NA
2020,2020-01-12,2020-01-12T08:00:00Z,Sun,DEN,LAC,NA,NA,NA
2020,2020-01-12,2020-01-12T08:00:00Z,Sun,PHO,CHO,NA,NA,NA
2020,2020-01-13,2020-01-13T07:00:00Z,Mon,DET,NOP,NA,NA,NA
2020,2020-01-13,2020-01-13T07:00:00Z,Mon,IND,PHI,NA,NA,NA
2020,2020-01-13,2020-01-13T07:30:00Z,Mon,BOS,CHI,NA,NA,NA
2020,2020-01-13,2020-01-13T08:00:00Z,Mon,MIN,OKC,NA,NA,NA
2020,2020-01-13,2020-01-13T10:00:00Z,Mon,POR,CHO,NA,NA,NA
2020,2020-01-13,2020-01-13T10:00:00Z,Mon,SAC,ORL,NA,NA,NA
2020,2020-01-13,2020-01-13T10:30:00Z,Mon,LAL,CLE,NA,NA,NA
2020,2020-01-14,2020-01-14T07:30:00Z,Tue,ATL,PHO,NA,NA,NA
2020,2020-01-14,2020-01-14T07:30:00Z,Tue,BRK,UTA,NA,NA,NA
2020,2020-01-14,2020-01-14T08:00:00Z,Tue,MEM,HOU,NA,NA,NA
2020,2020-01-14,2020-01-14T08:00:00Z,Tue,MIL,NYK,NA,NA,NA
2020,2020-01-14,2020-01-14T10:30:00Z,Tue,GSW,DAL,NA,NA,NA
2020,2020-01-14,2020-01-14T10:30:00Z,Tue,LAC,CLE,NA,NA,NA
2020,2020-01-15,2020-01-15T07:00:00Z,Wed,BOS,DET,NA,NA,NA
2020,2020-01-15,2020-01-15T07:00:00Z,Wed,PHI,BRK,NA,NA,NA
2020,2020-01-15,2020-01-15T07:30:00Z,Wed,MIA,SAS,NA,NA,NA
2020,2020-01-15,2020-01-15T08:00:00Z,Wed,CHI,WAS,NA,NA,NA
2020,2020-01-15,2020-01-15T08:00:00Z,Wed,MIN,IND,NA,NA,NA
2020,2020-01-15,2020-01-15T08:00:00Z,Wed,OKC,TOR,NA,NA,NA
2020,2020-01-15,2020-01-15T09:00:00Z,Wed,DEN,CHO,NA,NA,NA
2020,2020-01-15,2020-01-15T09:30:00Z,Wed,HOU,POR,NA,NA,NA
2020,2020-01-15,2020-01-15T10:00:00Z,Wed,SAC,DAL,NA,NA,NA
2020,2020-01-15,2020-01-15T10:30:00Z,Wed,LAL,ORL,NA,NA,NA
2020,2020-01-16,2020-01-16T07:30:00Z,Thu,NYK,PHO,NA,NA,NA
2020,2020-01-16,2020-01-16T08:00:00Z,Thu,MIL,BOS,NA,NA,NA
2020,2020-01-16,2020-01-16T08:00:00Z,Thu,NOP,UTA,NA,NA,NA
2020,2020-01-16,2020-01-16T10:30:00Z,Thu,GSW,DEN,NA,NA,NA
2020,2020-01-16,2020-01-16T10:30:00Z,Thu,LAC,ORL,NA,NA,NA
2020,2020-01-17,2020-01-17T07:00:00Z,Fri,IND,MIN,NA,NA,NA
2020,2020-01-17,2020-01-17T07:00:00Z,Fri,PHI,CHI,NA,NA,NA
2020,2020-01-17,2020-01-17T07:00:00Z,Fri,TOR,WAS,NA,NA,NA
2020,2020-01-17,2020-01-17T08:00:00Z,Fri,MEM,CLE,NA,NA,NA
2020,2020-01-17,2020-01-17T08:00:00Z,Fri,OKC,MIA,NA,NA,NA
2020,2020-01-17,2020-01-17T08:30:00Z,Fri,SAS,ATL,NA,NA,NA
2020,2020-01-17,2020-01-17T09:30:00Z,Fri,DAL,POR,NA,NA,NA
2020,2020-01-18,2020-01-18T03:30:00Z,Sat,NOP,LAC,NA,NA,NA
2020,2020-01-18,2020-01-18T06:00:00Z,Sat,BRK,MIL,NA,NA,NA
2020,2020-01-18,2020-01-18T07:00:00Z,Sat,BOS,PHO,NA,NA,NA
2020,2020-01-18,2020-01-18T07:30:00Z,Sat,ATL,DET,NA,NA,NA
2020,2020-01-18,2020-01-18T07:30:00Z,Sat,NYK,PHI,NA,NA,NA
2020,2020-01-18,2020-01-18T08:00:00Z,Sat,CHI,CLE,NA,NA,NA
2020,2020-01-18,2020-01-18T08:00:00Z,Sat,MIN,TOR,NA,NA,NA
2020,2020-01-18,2020-01-18T08:30:00Z,Sat,GSW,ORL,NA,NA,NA
2020,2020-01-18,2020-01-18T08:30:00Z,Sat,HOU,LAL,NA,NA,NA
2020,2020-01-18,2020-01-18T09:00:00Z,Sat,OKC,POR,NA,NA,NA
2020,2020-01-18,2020-01-18T09:00:00Z,Sat,UTA,SAC,NA,NA,NA
2020,2020-01-19,2020-01-19T03:00:00Z,Sun,SAS,MIA,NA,NA,NA
2020,2020-01-19,2020-01-19T08:00:00Z,Sun,DEN,IND,NA,NA,NA
2020,2020-01-20,2020-01-20T02:00:00Z,Mon,WAS,DET,NA,NA,NA
2020,2020-01-20,2020-01-20T02:30:00Z,Mon,ATL,TOR,NA,NA,NA
2020,2020-01-20,2020-01-20T03:00:00Z,Mon,BRK,PHI,NA,NA,NA
2020,2020-01-20,2020-01-20T05:00:00Z,Mon,CHO,ORL,NA,NA,NA
2020,2020-01-20,2020-01-20T05:00:00Z,Mon,CLE,NYK,NA,NA,NA
2020,2020-01-20,2020-01-20T05:00:00Z,Mon,HOU,OKC,NA,NA,NA
2020,2020-01-20,2020-01-20T05:00:00Z,Mon,MEM,NOP,NA,NA,NA
2020,2020-01-20,2020-01-20T05:00:00Z,Mon,MIA,SAC,NA,NA,NA
2020,2020-01-20,2020-01-20T05:00:00Z,Mon,MIL,CHI,NA,NA,NA
2020,2020-01-20,2020-01-20T07:30:00Z,Mon,BOS,LAL,NA,NA,NA
2020,2020-01-20,2020-01-20T08:00:00Z,Mon,MIN,DEN,NA,NA,NA
2020,2020-01-20,2020-01-20T09:00:00Z,Mon,PHO,SAS,NA,NA,NA
2020,2020-01-20,2020-01-20T09:00:00Z,Mon,UTA,IND,NA,NA,NA
2020,2020-01-20,2020-01-20T10:00:00Z,Mon,POR,GSW,NA,NA,NA
2020,2020-01-21,2020-01-21T08:30:00Z,Tue,DAL,LAC,NA,NA,NA
2020,2020-01-22,2020-01-22T07:00:00Z,Wed,DET,SAC,NA,NA,NA
2020,2020-01-22,2020-01-22T07:00:00Z,Wed,ORL,OKC,NA,NA,NA
2020,2020-01-22,2020-01-22T07:30:00Z,Wed,ATL,LAC,NA,NA,NA
2020,2020-01-22,2020-01-22T07:30:00Z,Wed,BOS,MEM,NA,NA,NA
2020,2020-01-22,2020-01-22T07:30:00Z,Wed,MIA,WAS,NA,NA,NA
2020,2020-01-22,2020-01-22T07:30:00Z,Wed,NYK,LAL,NA,NA,NA
2020,2020-01-22,2020-01-22T07:30:00Z,Wed,TOR,PHI,NA,NA,NA
2020,2020-01-22,2020-01-22T08:00:00Z,Wed,CHI,MIN,NA,NA,NA
2020,2020-01-22,2020-01-22T08:00:00Z,Wed,HOU,DEN,NA,NA,NA
2020,2020-01-22,2020-01-22T08:00:00Z,Wed,NOP,SAS,NA,NA,NA
2020,2020-01-22,2020-01-22T09:00:00Z,Wed,PHO,IND,NA,NA,NA
2020,2020-01-22,2020-01-22T10:00:00Z,Wed,GSW,UTA,NA,NA,NA
2020,2020-01-23,2020-01-23T07:00:00Z,Thu,CLE,WAS,NA,NA,NA
2020,2020-01-23,2020-01-23T08:00:00Z,Thu,BRK,LAL,NA,NA,NA
2020,2020-01-23,2020-01-23T10:30:00Z,Thu,POR,DAL,NA,NA,NA
2020,2020-01-24,2020-01-24T03:00:00Z,Fri,CHO,MIL,NA,NA,NA
2020,2020-01-24,2020-01-24T07:00:00Z,Fri,DET,MEM,NA,NA,NA
2020,2020-01-24,2020-01-24T07:00:00Z,Fri,ORL,BOS,NA,NA,NA
2020,2020-01-24,2020-01-24T07:30:00Z,Fri,NYK,TOR,NA,NA,NA
2020,2020-01-24,2020-01-24T08:00:00Z,Fri,CHI,SAC,NA,NA,NA
2020,2020-01-24,2020-01-24T08:00:00Z,Fri,MIA,LAC,NA,NA,NA
2020,2020-01-24,2020-01-24T08:00:00Z,Fri,MIN,HOU,NA,NA,NA
2020,2020-01-24,2020-01-24T08:00:00Z,Fri,NOP,DEN,NA,NA,NA
2020,2020-01-24,2020-01-24T08:00:00Z,Fri,OKC,ATL,NA,NA,NA
2020,2020-01-24,2020-01-24T08:30:00Z,Fri,SAS,PHO,NA,NA,NA
2020,2020-01-24,2020-01-24T10:30:00Z,Fri,GSW,IND,NA,NA,NA
2020,2020-01-25,2020-01-25T05:00:00Z,Sat,UTA,DAL,NA,NA,NA
2020,2020-01-25,2020-01-25T07:00:00Z,Sat,DET,BRK,NA,NA,NA
2020,2020-01-25,2020-01-25T08:00:00Z,Sat,CLE,CHI,NA,NA,NA
2020,2020-01-25,2020-01-25T08:00:00Z,Sat,MIN,OKC,NA,NA,NA
2020,2020-01-25,2020-01-25T08:30:00Z,Sat,PHI,LAL,NA,NA,NA
2020,2020-01-26,2020-01-26T03:30:00Z,Sun,DEN,HOU,NA,NA,NA
2020,2020-01-26,2020-01-26T04:00:00Z,Sun,SAS,TOR,NA,NA,NA
2020,2020-01-26,2020-01-26T06:00:00Z,Sun,ATL,WAS,NA,NA,NA
2020,2020-01-26,2020-01-26T06:00:00Z,Sun,MEM,PHO,NA,NA,NA
2020,2020-01-26,2020-01-26T06:00:00Z,Sun,NOP,BOS,NA,NA,NA
2020,2020-01-26,2020-01-26T06:00:00Z,Sun,NYK,BRK,NA,NA,NA
2020,2020-01-26,2020-01-26T06:00:00Z,Sun,ORL,LAC,NA,NA,NA
2020,2020-01-26,2020-01-26T09:00:00Z,Sun,POR,IND,NA,NA,NA
2020,2020-01-27,2020-01-27T07:00:00Z,Mon,DET,CLE,NA,NA,NA
2020,2020-01-27,2020-01-27T07:30:00Z,Mon,MIA,ORL,NA,NA,NA
2020,2020-01-27,2020-01-27T08:00:00Z,Mon,CHI,SAS,NA,NA,NA
2020,2020-01-27,2020-01-27T08:00:00Z,Mon,MIN,SAC,NA,NA,NA
2020,2020-01-27,2020-01-27T08:00:00Z,Mon,OKC,DAL,NA,NA,NA
2020,2020-01-27,2020-01-27T09:00:00Z,Mon,UTA,HOU,NA,NA,NA
2020,2020-01-28,2020-01-28T07:00:00Z,Tue,CHO,NYK,NA,NA,NA
2020,2020-01-28,2020-01-28T07:30:00Z,Tue,CLE,NOP,NA,NA,NA
2020,2020-01-28,2020-01-28T07:30:00Z,Tue,MIA,BOS,NA,NA,NA
2020,2020-01-28,2020-01-28T07:30:00Z,Tue,PHI,GSW,NA,NA,NA
2020,2020-01-28,2020-01-28T07:30:00Z,Tue,TOR,ATL,NA,NA,NA
2020,2020-01-28,2020-01-28T08:00:00Z,Tue,MEM,DEN,NA,NA,NA
2020,2020-01-28,2020-01-28T08:00:00Z,Tue,MIL,WAS,NA,NA,NA
2020,2020-01-28,2020-01-28T08:30:00Z,Tue,DAL,PHO,NA,NA,NA
2020,2020-01-28,2020-01-28T10:00:00Z,Tue,LAL,LAC,NA,NA,NA
2020,2020-01-29,2020-01-29T07:00:00Z,Wed,IND,CHI,NA,NA,NA
2020,2020-01-29,2020-01-29T07:30:00Z,Wed,BRK,DET,NA,NA,NA
2020,2020-01-29,2020-01-29T07:30:00Z,Wed,NYK,MEM,NA,NA,NA
2020,2020-01-29,2020-01-29T08:30:00Z,Wed,SAS,UTA,NA,NA,NA
2020,2020-01-29,2020-01-29T10:00:00Z,Wed,POR,HOU,NA,NA,NA
2020,2020-01-29,2020-01-29T10:00:00Z,Wed,SAC,OKC,NA,NA,NA
2020,2020-01-30,2020-01-30T07:00:00Z,Thu,CLE,TOR,NA,NA,NA
2020,2020-01-30,2020-01-30T07:00:00Z,Thu,WAS,CHO,NA,NA,NA
2020,2020-01-30,2020-01-30T07:30:00Z,Thu,ATL,PHI,NA,NA,NA
2020,2020-01-30,2020-01-30T08:00:00Z,Thu,BOS,GSW,NA,NA,NA
2020,2020-01-30,2020-01-30T10:30:00Z,Thu,DEN,UTA,NA,NA,NA
2020,2020-01-30,2020-01-30T10:30:00Z,Thu,LAC,SAC,NA,NA,NA
2020,2020-01-31,2020-01-31T07:00:00Z,Fri,DET,TOR,NA,NA,NA
2020,2020-01-31,2020-01-31T07:30:00Z,Fri,BRK,CHI,NA,NA,NA
2020,2020-01-31,2020-01-31T08:00:00Z,Fri,HOU,DAL,NA,NA,NA
2020,2020-01-31,2020-01-31T08:00:00Z,Fri,NOP,MEM,NA,NA,NA
2020,2020-01-31,2020-01-31T09:00:00Z,Fri,MIL,DEN,NA,NA,NA
2020,2020-01-31,2020-01-31T09:00:00Z,Fri,PHO,OKC,NA,NA,NA
2020,2020-01-31,2020-01-31T10:30:00Z,Fri,LAL,POR,NA,NA,NA
2020,2020-02-01,2020-02-01T03:30:00Z,Sat,LAC,MIN,NA,NA,NA
2020,2020-02-01,2020-02-01T07:00:00Z,Sat,IND,NYK,NA,NA,NA
2020,2020-02-01,2020-02-01T07:00:00Z,Sat,ORL,MIA,NA,NA,NA
2020,2020-02-01,2020-02-01T08:00:00Z,Sat,CLE,GSW,NA,NA,NA
2020,2020-02-01,2020-02-01T08:00:00Z,Sat,WAS,BRK,NA,NA,NA
2020,2020-02-01,2020-02-01T08:30:00Z,Sat,BOS,PHI,NA,NA,NA
2020,2020-02-01,2020-02-01T08:30:00Z,Sat,DAL,ATL,NA,NA,NA
2020,2020-02-01,2020-02-01T09:00:00Z,Sat,SAS,CHO,NA,NA,NA
2020,2020-02-01,2020-02-01T10:00:00Z,Sat,POR,UTA,NA,NA,NA
2020,2020-02-01,2020-02-01T10:00:00Z,Sat,SAC,LAL,NA,NA,NA
2020,2020-02-02,2020-02-02T12:30:00Z,Sun,DET,DEN,NA,NA,NA
2020,2020-02-02,2020-02-02T02:00:00Z,Sun,HOU,NOP,NA,NA,NA
2020,2020-02-02,2020-02-02T02:00:00Z,Sun,MIL,PHO,NA,NA,NA
2020,2020-02-02,2020-02-02T03:00:00Z,Sun,TOR,CHI,NA,NA,NA
2020,2020-02-03,2020-02-03T07:00:00Z,Mon,CHO,ORL,NA,NA,NA
2020,2020-02-03,2020-02-03T07:00:00Z,Mon,CLE,NYK,NA,NA,NA
2020,2020-02-03,2020-02-03T07:00:00Z,Mon,IND,DAL,NA,NA,NA
2020,2020-02-03,2020-02-03T07:00:00Z,Mon,WAS,GSW,NA,NA,NA
2020,2020-02-03,2020-02-03T07:30:00Z,Mon,ATL,BOS,NA,NA,NA
2020,2020-02-03,2020-02-03T07:30:00Z,Mon,BRK,PHO,NA,NA,NA
2020,2020-02-03,2020-02-03T07:30:00Z,Mon,MIA,PHI,NA,NA,NA
2020,2020-02-03,2020-02-03T08:00:00Z,Mon,MEM,DET,NA,NA,NA
2020,2020-02-03,2020-02-03T10:00:00Z,Mon,SAC,MIN,NA,NA,NA
2020,2020-02-03,2020-02-03T10:30:00Z,Mon,LAC,SAS,NA,NA,NA
2020,2020-02-04,2020-02-04T07:30:00Z,Tue,NOP,MIL,NA,NA,NA
2020,2020-02-04,2020-02-04T08:00:00Z,Tue,HOU,CHO,NA,NA,NA
2020,2020-02-04,2020-02-04T10:00:00Z,Tue,DEN,POR,NA,NA,NA
2020,2020-02-04,2020-02-04T10:30:00Z,Tue,LAL,SAS,NA,NA,NA
2020,2020-02-05,2020-02-05T07:00:00Z,Wed,DET,PHO,NA,NA,NA
2020,2020-02-05,2020-02-05T07:30:00Z,Wed,BOS,ORL,NA,NA,NA
2020,2020-02-05,2020-02-05T07:30:00Z,Wed,BRK,GSW,NA,NA,NA
2020,2020-02-05,2020-02-05T07:30:00Z,Wed,TOR,IND,NA,NA,NA
2020,2020-02-05,2020-02-05T08:00:00Z,Wed,MIN,ATL,NA,NA,NA
2020,2020-02-05,2020-02-05T08:00:00Z,Wed,OKC,CLE,NA,NA,NA
2020,2020-02-05,2020-02-05T08:30:00Z,Wed,DAL,MEM,NA,NA,NA
2020,2020-02-05,2020-02-05T10:00:00Z,Wed,UTA,DEN,NA,NA,NA
2020,2020-02-05,2020-02-05T10:30:00Z,Wed,LAC,MIA,NA,NA,NA
2020,2020-02-06,2020-02-06T07:30:00Z,Thu,NYK,ORL,NA,NA,NA
2020,2020-02-06,2020-02-06T08:00:00Z,Thu,CHI,NOP,NA,NA,NA
2020,2020-02-06,2020-02-06T08:00:00Z,Thu,MIL,PHI,NA,NA,NA
2020,2020-02-06,2020-02-06T10:00:00Z,Thu,POR,SAS,NA,NA,NA
2020,2020-02-06,2020-02-06T10:30:00Z,Thu,LAL,HOU,NA,NA,NA
2020,2020-02-07,2020-02-07T07:00:00Z,Fri,PHI,MEM,NA,NA,NA
2020,2020-02-07,2020-02-07T07:00:00Z,Fri,WAS,DAL,NA,NA,NA
2020,2020-02-07,2020-02-07T07:30:00Z,Fri,BOS,ATL,NA,NA,NA
2020,2020-02-07,2020-02-07T08:00:00Z,Fri,IND,TOR,NA,NA,NA
2020,2020-02-07,2020-02-07T08:00:00Z,Fri,OKC,DET,NA,NA,NA
2020,2020-02-07,2020-02-07T09:00:00Z,Fri,PHO,HOU,NA,NA,NA
2020,2020-02-07,2020-02-07T10:00:00Z,Fri,SAC,MIA,NA,NA,NA
2020,2020-02-07,2020-02-07T10:30:00Z,Fri,UTA,POR,NA,NA,NA
2020,2020-02-08,2020-02-08T05:00:00Z,Sat,ORL,MIL,NA,NA,NA
2020,2020-02-08,2020-02-08T07:00:00Z,Sat,CHO,DAL,NA,NA,NA
2020,2020-02-08,2020-02-08T07:00:00Z,Sat,DET,NYK,NA,NA,NA
2020,2020-02-08,2020-02-08T07:30:00Z,Sat,IND,NOP,NA,NA,NA
2020,2020-02-08,2020-02-08T07:30:00Z,Sat,TOR,BRK,NA,NA,NA
2020,2020-02-08,2020-02-08T08:00:00Z,Sat,MIN,LAC,NA,NA,NA
2020,2020-02-08,2020-02-08T08:30:00Z,Sat,GSW,LAL,NA,NA,NA
2020,2020-02-08,2020-02-08T09:00:00Z,Sat,PHO,DEN,NA,NA,NA
2020,2020-02-08,2020-02-08T10:00:00Z,Sat,SAC,SAS,NA,NA,NA
2020,2020-02-09,2020-02-09T03:30:00Z,Sun,OKC,BOS,NA,NA,NA
2020,2020-02-09,2020-02-09T06:00:00Z,Sun,ATL,NYK,NA,NA,NA
2020,2020-02-09,2020-02-09T06:00:00Z,Sun,PHI,CHI,NA,NA,NA
2020,2020-02-09,2020-02-09T06:00:00Z,Sun,WAS,MEM,NA,NA,NA
2020,2020-02-09,2020-02-09T07:00:00Z,Sun,HOU,UTA,NA,NA,NA
2020,2020-02-09,2020-02-09T07:30:00Z,Sun,CLE,LAC,NA,NA,NA
2020,2020-02-09,2020-02-09T09:00:00Z,Sun,POR,MIA,NA,NA,NA
2020,2020-02-10,2020-02-10T07:00:00Z,Mon,DET,CHO,NA,NA,NA
2020,2020-02-10,2020-02-10T07:00:00Z,Mon,IND,BRK,NA,NA,NA
2020,2020-02-10,2020-02-10T07:00:00Z,Mon,ORL,ATL,NA,NA,NA
2020,2020-02-10,2020-02-10T07:30:00Z,Mon,TOR,MIN,NA,NA,NA
2020,2020-02-10,2020-02-10T08:00:00Z,Mon,MIL,SAC,NA,NA,NA
2020,2020-02-10,2020-02-10T08:30:00Z,Mon,DAL,UTA,NA,NA,NA
2020,2020-02-10,2020-02-10T09:00:00Z,Mon,DEN,SAS,NA,NA,NA
2020,2020-02-10,2020-02-10T10:30:00Z,Mon,GSW,MIA,NA,NA,NA
2020,2020-02-10,2020-02-10T10:30:00Z,Mon,LAL,PHO,NA,NA,NA
2020,2020-02-11,2020-02-11T07:00:00Z,Tue,PHI,LAC,NA,NA,NA
2020,2020-02-11,2020-02-11T07:00:00Z,Tue,WAS,CHI,NA,NA,NA
2020,2020-02-11,2020-02-11T08:00:00Z,Tue,NOP,POR,NA,NA,NA
2020,2020-02-11,2020-02-11T08:00:00Z,Tue,OKC,SAS,NA,NA,NA
2020,2020-02-11,2020-02-11T09:30:00Z,Tue,HOU,BOS,NA,NA,NA
2020,2020-02-12,2020-02-12T07:00:00Z,Wed,CLE,ATL,NA,NA,NA
2020,2020-02-12,2020-02-12T07:00:00Z,Wed,ORL,DET,NA,NA,NA
2020,2020-02-12,2020-02-12T07:30:00Z,Wed,BRK,TOR,NA,NA,NA
2020,2020-02-12,2020-02-12T07:30:00Z,Wed,IND,MIL,NA,NA,NA
2020,2020-02-12,2020-02-12T07:30:00Z,Wed,NYK,WAS,NA,NA,NA
2020,2020-02-12,2020-02-12T08:00:00Z,Wed,MEM,POR,NA,NA,NA
2020,2020-02-12,2020-02-12T08:00:00Z,Wed,MIN,CHO,NA,NA,NA
2020,2020-02-12,2020-02-12T08:30:00Z,Wed,DAL,SAC,NA,NA,NA
2020,2020-02-12,2020-02-12T09:00:00Z,Wed,PHO,GSW,NA,NA,NA
2020,2020-02-12,2020-02-12T09:00:00Z,Wed,UTA,MIA,NA,NA,NA
2020,2020-02-12,2020-02-12T10:00:00Z,Wed,DEN,LAL,NA,NA,NA
2020,2020-02-13,2020-02-13T08:00:00Z,Thu,BOS,LAC,NA,NA,NA
2020,2020-02-13,2020-02-13T08:00:00Z,Thu,NOP,OKC,NA,NA,NA
2020,2020-02-20,2020-02-20T07:00:00Z,Thu,DET,MIL,NA,NA,NA
2020,2020-02-20,2020-02-20T07:30:00Z,Thu,ATL,MIA,NA,NA,NA
2020,2020-02-20,2020-02-20T08:00:00Z,Thu,CHI,CHO,NA,NA,NA
2020,2020-02-20,2020-02-20T08:00:00Z,Thu,PHI,BRK,NA,NA,NA
2020,2020-02-20,2020-02-20T10:00:00Z,Thu,SAC,MEM,NA,NA,NA
2020,2020-02-20,2020-02-20T10:30:00Z,Thu,GSW,HOU,NA,NA,NA
2020,2020-02-21,2020-02-21T07:00:00Z,Fri,ORL,DAL,NA,NA,NA
2020,2020-02-21,2020-02-21T07:00:00Z,Fri,WAS,CLE,NA,NA,NA
2020,2020-02-21,2020-02-21T07:30:00Z,Fri,NYK,IND,NA,NA,NA
2020,2020-02-21,2020-02-21T07:30:00Z,Fri,TOR,PHO,NA,NA,NA
2020,2020-02-21,2020-02-21T08:00:00Z,Fri,MIN,BOS,NA,NA,NA
2020,2020-02-21,2020-02-21T08:00:00Z,Fri,OKC,DEN,NA,NA,NA
2020,2020-02-21,2020-02-21T09:00:00Z,Fri,UTA,SAS,NA,NA,NA
2020,2020-02-21,2020-02-21T10:30:00Z,Fri,LAL,MEM,NA,NA,NA
2020,2020-02-21,2020-02-21T10:30:00Z,Fri,POR,NOP,NA,NA,NA
2020,2020-02-22,2020-02-22T03:30:00Z,Sat,LAC,SAC,NA,NA,NA
2020,2020-02-22,2020-02-22T07:00:00Z,Sat,CHO,BRK,NA,NA,NA
2020,2020-02-22,2020-02-22T07:30:00Z,Sat,ATL,DAL,NA,NA,NA
2020,2020-02-22,2020-02-22T08:00:00Z,Sat,CHI,PHO,NA,NA,NA
2020,2020-02-22,2020-02-22T08:00:00Z,Sat,MIA,CLE,NA,NA,NA
2020,2020-02-22,2020-02-22T08:30:00Z,Sat,MIL,PHI,NA,NA,NA
2020,2020-02-22,2020-02-22T09:00:00Z,Sat,UTA,HOU,NA,NA,NA
2020,2020-02-23,2020-02-23T03:30:00Z,Sun,LAL,BOS,NA,NA,NA
2020,2020-02-23,2020-02-23T06:00:00Z,Sun,DEN,MIN,NA,NA,NA
2020,2020-02-23,2020-02-23T06:00:00Z,Sun,TOR,IND,NA,NA,NA
2020,2020-02-23,2020-02-23T07:00:00Z,Sun,CHI,WAS,NA,NA,NA
2020,2020-02-23,2020-02-23T07:00:00Z,Sun,OKC,SAS,NA,NA,NA
2020,2020-02-23,2020-02-23T08:30:00Z,Sun,GSW,NOP,NA,NA,NA
2020,2020-02-23,2020-02-23T09:00:00Z,Sun,POR,DET,NA,NA,NA
2020,2020-02-24,2020-02-24T07:00:00Z,Mon,CLE,MIA,NA,NA,NA
2020,2020-02-24,2020-02-24T07:00:00Z,Mon,PHI,ATL,NA,NA,NA
2020,2020-02-24,2020-02-24T07:00:00Z,Mon,WAS,MIL,NA,NA,NA
2020,2020-02-24,2020-02-24T07:30:00Z,Mon,BRK,ORL,NA,NA,NA
2020,2020-02-24,2020-02-24T08:00:00Z,Mon,HOU,NYK,NA,NA,NA
2020,2020-02-24,2020-02-24T08:30:00Z,Mon,DAL,MIN,NA,NA,NA
2020,2020-02-24,2020-02-24T09:00:00Z,Mon,UTA,PHO,NA,NA,NA
2020,2020-02-24,2020-02-24T10:30:00Z,Mon,LAC,MEM,NA,NA,NA
2020,2020-02-25,2020-02-25T07:00:00Z,Tue,IND,CHO,NA,NA,NA
2020,2020-02-25,2020-02-25T07:30:00Z,Tue,TOR,MIL,NA,NA,NA
2020,2020-02-25,2020-02-25T08:00:00Z,Tue,CHI,OKC,NA,NA,NA
2020,2020-02-25,2020-02-25T09:00:00Z,Tue,DEN,DET,NA,NA,NA
2020,2020-02-25,2020-02-25T10:00:00Z,Tue,LAL,NOP,NA,NA,NA
2020,2020-02-25,2020-02-25T10:00:00Z,Tue,POR,BOS,NA,NA,NA
2020,2020-02-25,2020-02-25T10:30:00Z,Tue,GSW,SAC,NA,NA,NA
2020,2020-02-26,2020-02-26T07:00:00Z,Wed,CHO,NYK,NA,NA,NA
2020,2020-02-26,2020-02-26T07:00:00Z,Wed,CLE,PHI,NA,NA,NA
2020,2020-02-26,2020-02-26T07:00:00Z,Wed,WAS,BRK,NA,NA,NA
2020,2020-02-26,2020-02-26T07:30:00Z,Wed,ATL,ORL,NA,NA,NA
2020,2020-02-26,2020-02-26T07:30:00Z,Wed,MIA,MIN,NA,NA,NA
2020,2020-02-26,2020-02-26T07:30:00Z,Wed,SAS,DAL,NA,NA,NA
2020,2020-02-26,2020-02-26T08:00:00Z,Wed,HOU,MEM,NA,NA,NA
2020,2020-02-26,2020-02-26T09:00:00Z,Wed,PHO,LAC,NA,NA,NA
2020,2020-02-26,2020-02-26T10:00:00Z,Wed,UTA,BOS,NA,NA,NA
2020,2020-02-27,2020-02-27T07:00:00Z,Thu,PHI,NYK,NA,NA,NA
2020,2020-02-27,2020-02-27T08:00:00Z,Thu,IND,POR,NA,NA,NA
2020,2020-02-27,2020-02-27T08:00:00Z,Thu,OKC,SAC,NA,NA,NA
2020,2020-02-27,2020-02-27T10:30:00Z,Thu,GSW,LAL,NA,NA,NA
2020,2020-02-28,2020-02-28T07:00:00Z,Fri,ORL,MIN,NA,NA,NA
2020,2020-02-28,2020-02-28T07:30:00Z,Fri,ATL,BRK,NA,NA,NA
2020,2020-02-28,2020-02-28T07:30:00Z,Fri,TOR,CHO,NA,NA,NA
2020,2020-02-28,2020-02-28T08:00:00Z,Fri,MEM,SAC,NA,NA,NA
2020,2020-02-28,2020-02-28T08:00:00Z,Fri,MIA,DAL,NA,NA,NA
2020,2020-02-28,2020-02-28T08:00:00Z,Fri,MIL,OKC,NA,NA,NA
2020,2020-02-28,2020-02-28T08:00:00Z,Fri,NOP,CLE,NA,NA,NA
2020,2020-02-28,2020-02-28T09:00:00Z,Fri,PHO,DET,NA,NA,NA
2020,2020-02-28,2020-02-28T09:00:00Z,Fri,UTA,WAS,NA,NA,NA
2020,2020-02-28,2020-02-28T10:30:00Z,Fri,LAC,DEN,NA,NA,NA
2020,2020-02-29,2020-02-29T05:00:00Z,Sat,NYK,CHI,NA,NA,NA
2020,2020-02-29,2020-02-29T07:30:00Z,Sat,ATL,POR,NA,NA,NA
2020,2020-02-29,2020-02-29T07:30:00Z,Sat,MIA,BRK,NA,NA,NA
2020,2020-02-29,2020-02-29T08:00:00Z,Sat,CLE,IND,NA,NA,NA
2020,2020-02-29,2020-02-29T08:00:00Z,Sat,MEM,LAL,NA,NA,NA
2020,2020-02-29,2020-02-29T08:30:00Z,Sat,BOS,HOU,NA,NA,NA
2020,2020-02-29,2020-02-29T08:30:00Z,Sat,SAS,ORL,NA,NA,NA
2020,2020-02-29,2020-02-29T09:00:00Z,Sat,PHO,GSW,NA,NA,NA
2020,2020-03-01,2020-03-01T01:00:00Z,Sun,CHO,MIL,NA,NA,NA
2020,2020-03-01,2020-03-01T03:30:00Z,Sun,LAC,PHI,NA,NA,NA
2020,2020-03-01,2020-03-01T03:30:00Z,Sun,MIN,DAL,NA,NA,NA
2020,2020-03-01,2020-03-01T06:00:00Z,Sun,DEN,TOR,NA,NA,NA
2020,2020-03-01,2020-03-01T06:00:00Z,Sun,SAC,DET,NA,NA,NA
2020,2020-03-01,2020-03-01T08:00:00Z,Sun,NOP,LAL,NA,NA,NA
2020,2020-03-01,2020-03-01T08:30:00Z,Sun,GSW,WAS,NA,NA,NA
2020,2020-03-02,2020-03-02T07:00:00Z,Mon,CLE,UTA,NA,NA,NA
2020,2020-03-02,2020-03-02T07:00:00Z,Mon,NYK,HOU,NA,NA,NA
2020,2020-03-02,2020-03-02T07:00:00Z,Mon,ORL,POR,NA,NA,NA
2020,2020-03-02,2020-03-02T07:30:00Z,Mon,ATL,MEM,NA,NA,NA
2020,2020-03-02,2020-03-02T07:30:00Z,Mon,MIA,MIL,NA,NA,NA
2020,2020-03-02,2020-03-02T08:00:00Z,Mon,CHI,DAL,NA,NA,NA
2020,2020-03-02,2020-03-02T08:30:00Z,Mon,SAS,IND,NA,NA,NA
2020,2020-03-03,2020-03-03T07:00:00Z,Tue,CHO,SAS,NA,NA,NA
2020,2020-03-03,2020-03-03T07:30:00Z,Tue,BOS,BRK,NA,NA,NA
2020,2020-03-03,2020-03-03T08:00:00Z,Tue,NOP,MIN,NA,NA,NA
2020,2020-03-03,2020-03-03T08:00:00Z,Tue,OKC,LAC,NA,NA,NA
2020,2020-03-03,2020-03-03T09:00:00Z,Tue,DEN,GSW,NA,NA,NA
2020,2020-03-03,2020-03-03T09:00:00Z,Tue,PHO,TOR,NA,NA,NA
2020,2020-03-03,2020-03-03T10:00:00Z,Tue,LAL,PHI,NA,NA,NA
2020,2020-03-03,2020-03-03T10:00:00Z,Tue,SAC,WAS,NA,NA,NA
2020,2020-03-04,2020-03-04T07:00:00Z,Wed,CLE,BOS,NA,NA,NA
2020,2020-03-04,2020-03-04T07:00:00Z,Wed,DET,OKC,NA,NA,NA
2020,2020-03-04,2020-03-04T07:00:00Z,Wed,MIA,ORL,NA,NA,NA
2020,2020-03-04,2020-03-04T07:30:00Z,Wed,BRK,MEM,NA,NA,NA
2020,2020-03-04,2020-03-04T07:30:00Z,Wed,NYK,UTA,NA,NA,NA
2020,2020-03-04,2020-03-04T08:00:00Z,Wed,MIN,CHI,NA,NA,NA
2020,2020-03-04,2020-03-04T08:30:00Z,Wed,DAL,NOP,NA,NA,NA
2020,2020-03-04,2020-03-04T09:30:00Z,Wed,MIL,IND,NA,NA,NA
2020,2020-03-04,2020-03-04T10:00:00Z,Wed,POR,WAS,NA,NA,NA
2020,2020-03-05,2020-03-05T07:00:00Z,Thu,CHO,DEN,NA,NA,NA
2020,2020-03-05,2020-03-05T08:00:00Z,Thu,HOU,LAC,NA,NA,NA
2020,2020-03-05,2020-03-05T10:00:00Z,Thu,SAC,PHI,NA,NA,NA
2020,2020-03-05,2020-03-05T10:30:00Z,Thu,GSW,TOR,NA,NA,NA
2020,2020-03-06,2020-03-06T07:00:00Z,Fri,WAS,ATL,NA,NA,NA
2020,2020-03-06,2020-03-06T07:30:00Z,Fri,BRK,SAS,NA,NA,NA
2020,2020-03-06,2020-03-06T07:30:00Z,Fri,NYK,OKC,NA,NA,NA
2020,2020-03-06,2020-03-06T08:00:00Z,Fri,BOS,UTA,NA,NA,NA
2020,2020-03-06,2020-03-06T08:00:00Z,Fri,CHI,IND,NA,NA,NA
2020,2020-03-06,2020-03-06T08:00:00Z,Fri,MIN,ORL,NA,NA,NA
2020,2020-03-06,2020-03-06T08:00:00Z,Fri,NOP,MIA,NA,NA,NA
2020,2020-03-06,2020-03-06T08:30:00Z,Fri,DAL,MEM,NA,NA,NA
2020,2020-03-06,2020-03-06T09:00:00Z,Fri,PHO,POR,NA,NA,NA
2020,2020-03-06,2020-03-06T10:30:00Z,Fri,LAL,MIL,NA,NA,NA
2020,2020-03-07,2020-03-07T05:00:00Z,Sat,CHO,HOU,NA,NA,NA
2020,2020-03-07,2020-03-07T07:00:00Z,Sat,DET,UTA,NA,NA,NA
2020,2020-03-07,2020-03-07T07:30:00Z,Sat,CLE,DEN,NA,NA,NA
2020,2020-03-07,2020-03-07T08:00:00Z,Sat,MEM,ATL,NA,NA,NA
2020,2020-03-07,2020-03-07T08:30:00Z,Sat,GSW,PHI,NA,NA,NA
2020,2020-03-07,2020-03-07T10:00:00Z,Sat,POR,SAC,NA,NA,NA
2020,2020-03-08,2020-03-08T03:00:00Z,Sun,BRK,CHI,NA,NA,NA
2020,2020-03-08,2020-03-08T03:30:00Z,Sun,LAC,LAL,NA,NA,NA
2020,2020-03-08,2020-03-08T03:30:00Z,Sun,MIN,NOP,NA,NA,NA
2020,2020-03-08,2020-03-08T06:00:00Z,Sun,BOS,OKC,NA,NA,NA
2020,2020-03-08,2020-03-08T06:00:00Z,Sun,PHO,MIL,NA,NA,NA
2020,2020-03-08,2020-03-08T07:00:00Z,Sun,DAL,IND,NA,NA,NA
2020,2020-03-08,2020-03-08T07:00:00Z,Sun,HOU,ORL,NA,NA,NA
2020,2020-03-08,2020-03-08T07:00:00Z,Sun,WAS,MIA,NA,NA,NA
2020,2020-03-08,2020-03-08T07:30:00Z,Sun,CLE,SAS,NA,NA,NA
2020,2020-03-08,2020-03-08T07:30:00Z,Sun,NYK,DET,NA,NA,NA
2020,2020-03-08,2020-03-08T09:00:00Z,Sun,SAC,TOR,NA,NA,NA
2020,2020-03-09,2020-03-09T07:30:00Z,Mon,ATL,CHO,NA,NA,NA
2020,2020-03-09,2020-03-09T09:00:00Z,Mon,DEN,MIL,NA,NA,NA
2020,2020-03-09,2020-03-09T09:00:00Z,Mon,UTA,TOR,NA,NA,NA
2020,2020-03-10,2020-03-10T07:00:00Z,Tue,IND,BOS,NA,NA,NA
2020,2020-03-10,2020-03-10T07:00:00Z,Tue,WAS,NYK,NA,NA,NA
2020,2020-03-10,2020-03-10T08:00:00Z,Tue,CHI,CLE,NA,NA,NA
2020,2020-03-10,2020-03-10T08:00:00Z,Tue,HOU,MIN,NA,NA,NA
2020,2020-03-10,2020-03-10T08:00:00Z,Tue,MEM,ORL,NA,NA,NA
2020,2020-03-10,2020-03-10T08:00:00Z,Tue,SAS,DAL,NA,NA,NA
2020,2020-03-10,2020-03-10T10:00:00Z,Tue,POR,PHO,NA,NA,NA
2020,2020-03-10,2020-03-10T10:30:00Z,Tue,GSW,LAC,NA,NA,NA
2020,2020-03-10,2020-03-10T10:30:00Z,Tue,LAL,BRK,NA,NA,NA
2020,2020-03-11,2020-03-11T07:30:00Z,Wed,ATL,NYK,NA,NA,NA
2020,2020-03-11,2020-03-11T07:30:00Z,Wed,MIA,CHO,NA,NA,NA
2020,2020-03-11,2020-03-11T07:30:00Z,Wed,PHI,DET,NA,NA,NA
2020,2020-03-11,2020-03-11T08:00:00Z,Wed,OKC,UTA,NA,NA,NA
2020,2020-03-11,2020-03-11T08:30:00Z,Wed,DAL,DEN,NA,NA,NA
2020,2020-03-11,2020-03-11T10:00:00Z,Wed,SAC,NOP,NA,NA,NA
2020,2020-03-12,2020-03-12T07:00:00Z,Thu,ORL,CHI,NA,NA,NA
2020,2020-03-12,2020-03-12T08:00:00Z,Thu,MIL,BOS,NA,NA,NA
2020,2020-03-12,2020-03-12T10:00:00Z,Thu,POR,MEM,NA,NA,NA
2020,2020-03-12,2020-03-12T10:30:00Z,Thu,GSW,BRK,NA,NA,NA
2020,2020-03-12,2020-03-12T10:30:00Z,Thu,LAL,HOU,NA,NA,NA
2020,2020-03-13,2020-03-13T07:00:00Z,Fri,CHO,CLE,NA,NA,NA
2020,2020-03-13,2020-03-13T07:30:00Z,Fri,BOS,WAS,NA,NA,NA
2020,2020-03-13,2020-03-13T08:00:00Z,Fri,MIA,NYK,NA,NA,NA
2020,2020-03-13,2020-03-13T08:00:00Z,Fri,OKC,MIN,NA,NA,NA
2020,2020-03-13,2020-03-13T08:30:00Z,Fri,SAS,DEN,NA,NA,NA
2020,2020-03-13,2020-03-13T09:00:00Z,Fri,UTA,NOP,NA,NA,NA
2020,2020-03-13,2020-03-13T10:30:00Z,Fri,LAC,BRK,NA,NA,NA
2020,2020-03-14,2020-03-14T02:00:00Z,Sat,DAL,PHO,NA,NA,NA
2020,2020-03-14,2020-03-14T07:30:00Z,Sat,ATL,CLE,NA,NA,NA
2020,2020-03-14,2020-03-14T07:30:00Z,Sat,PHI,IND,NA,NA,NA
2020,2020-03-14,2020-03-14T07:30:00Z,Sat,TOR,DET,NA,NA,NA
2020,2020-03-14,2020-03-14T08:00:00Z,Sat,MIA,CHI,NA,NA,NA
2020,2020-03-14,2020-03-14T08:30:00Z,Sat,MIL,GSW,NA,NA,NA
2020,2020-03-14,2020-03-14T08:30:00Z,Sat,SAS,MIN,NA,NA,NA
2020,2020-03-14,2020-03-14T09:00:00Z,Sat,UTA,MEM,NA,NA,NA
2020,2020-03-14,2020-03-14T10:30:00Z,Sat,LAC,NOP,NA,NA,NA
2020,2020-03-15,2020-03-15T03:30:00Z,Sun,POR,HOU,NA,NA,NA
2020,2020-03-15,2020-03-15T06:00:00Z,Sun,ORL,CHO,NA,NA,NA
2020,2020-03-15,2020-03-15T06:00:00Z,Sun,WAS,OKC,NA,NA,NA
2020,2020-03-15,2020-03-15T08:00:00Z,Sun,CHI,BOS,NA,NA,NA
2020,2020-03-15,2020-03-15T09:00:00Z,Sun,LAL,DEN,NA,NA,NA
2020,2020-03-15,2020-03-15T09:00:00Z,Sun,SAC,BRK,NA,NA,NA
2020,2020-03-16,2020-03-16T07:00:00Z,Mon,PHI,WAS,NA,NA,NA
2020,2020-03-16,2020-03-16T08:00:00Z,Mon,MIL,MIA,NA,NA,NA
2020,2020-03-16,2020-03-16T08:00:00Z,Mon,NOP,ATL,NA,NA,NA
2020,2020-03-16,2020-03-16T08:00:00Z,Mon,TOR,GSW,NA,NA,NA
2020,2020-03-16,2020-03-16T08:30:00Z,Mon,SAS,MEM,NA,NA,NA
2020,2020-03-16,2020-03-16T09:00:00Z,Mon,UTA,LAL,NA,NA,NA
2020,2020-03-16,2020-03-16T10:30:00Z,Mon,LAC,DAL,NA,NA,NA
2020,2020-03-17,2020-03-17T07:00:00Z,Tue,DET,ORL,NA,NA,NA
2020,2020-03-17,2020-03-17T07:30:00Z,Tue,NYK,CHO,NA,NA,NA
2020,2020-03-17,2020-03-17T08:00:00Z,Tue,HOU,CLE,NA,NA,NA
2020,2020-03-17,2020-03-17T08:00:00Z,Tue,MEM,OKC,NA,NA,NA
2020,2020-03-17,2020-03-17T10:00:00Z,Tue,POR,MIN,NA,NA,NA
2020,2020-03-17,2020-03-17T10:00:00Z,Tue,SAC,DAL,NA,NA,NA
2020,2020-03-18,2020-03-18T07:00:00Z,Wed,PHI,TOR,NA,NA,NA
2020,2020-03-18,2020-03-18T07:30:00Z,Wed,ATL,OKC,NA,NA,NA
2020,2020-03-18,2020-03-18T07:30:00Z,Wed,BOS,NYK,NA,NA,NA
2020,2020-03-18,2020-03-18T07:30:00Z,Wed,BRK,WAS,NA,NA,NA
2020,2020-03-18,2020-03-18T07:30:00Z,Wed,IND,GSW,NA,NA,NA
2020,2020-03-18,2020-03-18T08:00:00Z,Wed,CHI,MIA,NA,NA,NA
2020,2020-03-18,2020-03-18T08:00:00Z,Wed,NOP,SAS,NA,NA,NA
2020,2020-03-18,2020-03-18T09:00:00Z,Wed,DEN,LAC,NA,NA,NA
2020,2020-03-18,2020-03-18T10:00:00Z,Wed,LAL,UTA,NA,NA,NA
2020,2020-03-18,2020-03-18T10:00:00Z,Wed,PHO,MIN,NA,NA,NA
2020,2020-03-19,2020-03-19T07:00:00Z,Thu,CHO,PHI,NA,NA,NA
2020,2020-03-19,2020-03-19T07:00:00Z,Thu,ORL,CLE,NA,NA,NA
2020,2020-03-19,2020-03-19T08:00:00Z,Thu,HOU,SAC,NA,NA,NA
2020,2020-03-19,2020-03-19T08:00:00Z,Thu,MIL,MEM,NA,NA,NA
2020,2020-03-19,2020-03-19T10:00:00Z,Thu,POR,DAL,NA,NA,NA
2020,2020-03-20,2020-03-20T07:00:00Z,Fri,DET,GSW,NA,NA,NA
2020,2020-03-20,2020-03-20T07:00:00Z,Fri,IND,MIA,NA,NA,NA
2020,2020-03-20,2020-03-20T07:30:00Z,Fri,ATL,WAS,NA,NA,NA
2020,2020-03-20,2020-03-20T07:30:00Z,Fri,TOR,BOS,NA,NA,NA
2020,2020-03-20,2020-03-20T08:00:00Z,Fri,OKC,DEN,NA,NA,NA
2020,2020-03-20,2020-03-20T08:30:00Z,Fri,SAS,CHI,NA,NA,NA
2020,2020-03-20,2020-03-20T09:00:00Z,Fri,UTA,MIN,NA,NA,NA
2020,2020-03-20,2020-03-20T10:30:00Z,Fri,LAC,PHO,NA,NA,NA
2020,2020-03-21,2020-03-21T06:00:00Z,Sat,BRK,BOS,NA,NA,NA
2020,2020-03-21,2020-03-21T07:00:00Z,Sat,CHO,LAL,NA,NA,NA
2020,2020-03-21,2020-03-21T07:00:00Z,Sat,IND,CLE,NA,NA,NA
2020,2020-03-21,2020-03-21T07:00:00Z,Sat,ORL,SAC,NA,NA,NA
2020,2020-03-21,2020-03-21T07:00:00Z,Sat,PHI,ATL,NA,NA,NA
2020,2020-03-21,2020-03-21T07:30:00Z,Sat,NYK,GSW,NA,NA,NA
2020,2020-03-21,2020-03-21T08:00:00Z,Sat,HOU,CHI,NA,NA,NA
2020,2020-03-21,2020-03-21T08:00:00Z,Sat,MEM,NOP,NA,NA,NA
2020,2020-03-21,2020-03-21T08:00:00Z,Sat,WAS,MIL,NA,NA,NA
2020,2020-03-21,2020-03-21T10:00:00Z,Sat,PHO,DAL,NA,NA,NA
2020,2020-03-22,2020-03-22T06:00:00Z,Sun,DET,LAL,NA,NA,NA
2020,2020-03-22,2020-03-22T06:00:00Z,Sun,TOR,DEN,NA,NA,NA
2020,2020-03-22,2020-03-22T07:00:00Z,Sun,MIN,POR,NA,NA,NA
2020,2020-03-22,2020-03-22T07:00:00Z,Sun,NOP,SAC,NA,NA,NA
2020,2020-03-22,2020-03-22T07:00:00Z,Sun,SAS,UTA,NA,NA,NA
2020,2020-03-23,2020-03-23T07:00:00Z,Mon,IND,PHO,NA,NA,NA
2020,2020-03-23,2020-03-23T07:00:00Z,Mon,NYK,LAC,NA,NA,NA
2020,2020-03-23,2020-03-23T07:00:00Z,Mon,WAS,BOS,NA,NA,NA
2020,2020-03-23,2020-03-23T07:30:00Z,Mon,BRK,ORL,NA,NA,NA
2020,2020-03-23,2020-03-23T07:30:00Z,Mon,MIA,OKC,NA,NA,NA
2020,2020-03-23,2020-03-23T08:00:00Z,Mon,CHI,DEN,NA,NA,NA
2020,2020-03-23,2020-03-23T08:00:00Z,Mon,MIL,DET,NA,NA,NA
2020,2020-03-23,2020-03-23T08:30:00Z,Mon,DAL,HOU,NA,NA,NA
2020,2020-03-24,2020-03-24T07:00:00Z,Tue,CHO,POR,NA,NA,NA
2020,2020-03-24,2020-03-24T07:00:00Z,Tue,CLE,SAC,NA,NA,NA
2020,2020-03-24,2020-03-24T07:30:00Z,Tue,TOR,LAL,NA,NA,NA
2020,2020-03-24,2020-03-24T08:00:00Z,Tue,MIN,PHI,NA,NA,NA
2020,2020-03-24,2020-03-24T08:00:00Z,Tue,NOP,MEM,NA,NA,NA
2020,2020-03-24,2020-03-24T10:00:00Z,Tue,UTA,SAS,NA,NA,NA
2020,2020-03-25,2020-03-25T07:00:00Z,Wed,BRK,LAC,NA,NA,NA
2020,2020-03-25,2020-03-25T07:00:00Z,Wed,DET,POR,NA,NA,NA
2020,2020-03-25,2020-03-25T07:00:00Z,Wed,ORL,IND,NA,NA,NA
2020,2020-03-25,2020-03-25T07:00:00Z,Wed,WAS,PHO,NA,NA,NA
2020,2020-03-25,2020-03-25T07:30:00Z,Wed,MIA,DEN,NA,NA,NA
2020,2020-03-25,2020-03-25T07:30:00Z,Wed,NYK,TOR,NA,NA,NA
2020,2020-03-25,2020-03-25T08:00:00Z,Wed,MEM,BOS,NA,NA,NA
2020,2020-03-25,2020-03-25T09:30:00Z,Wed,MIL,HOU,NA,NA,NA
2020,2020-03-25,2020-03-25T10:30:00Z,Wed,GSW,ATL,NA,NA,NA
2020,2020-03-26,2020-03-26T07:00:00Z,Thu,CLE,LAL,NA,NA,NA
2020,2020-03-26,2020-03-26T08:00:00Z,Thu,CHI,PHI,NA,NA,NA
2020,2020-03-26,2020-03-26T08:00:00Z,Thu,MIN,SAS,NA,NA,NA
2020,2020-03-26,2020-03-26T08:00:00Z,Thu,OKC,CHO,NA,NA,NA
2020,2020-03-26,2020-03-26T08:30:00Z,Thu,DAL,UTA,NA,NA,NA
2020,2020-03-26,2020-03-26T10:00:00Z,Thu,SAC,ATL,NA,NA,NA
2020,2020-03-27,2020-03-27T07:00:00Z,Fri,DET,LAC,NA,NA,NA
2020,2020-03-27,2020-03-27T07:00:00Z,Fri,IND,HOU,NA,NA,NA
2020,2020-03-27,2020-03-27T07:00:00Z,Fri,ORL,BRK,NA,NA,NA
2020,2020-03-27,2020-03-27T07:00:00Z,Fri,PHI,PHO,NA,NA,NA
2020,2020-03-27,2020-03-27T07:30:00Z,Fri,BOS,POR,NA,NA,NA
2020,2020-03-27,2020-03-27T08:00:00Z,Fri,NOP,NYK,NA,NA,NA
2020,2020-03-27,2020-03-27T08:30:00Z,Fri,MIL,WAS,NA,NA,NA
2020,2020-03-27,2020-03-27T09:00:00Z,Fri,DEN,SAS,NA,NA,NA
2020,2020-03-28,2020-03-28T06:00:00Z,Sat,BRK,CLE,NA,NA,NA
2020,2020-03-28,2020-03-28T07:00:00Z,Sat,CHO,LAC,NA,NA,NA
2020,2020-03-28,2020-03-28T08:00:00Z,Sat,CHI,NYK,NA,NA,NA
2020,2020-03-28,2020-03-28T08:00:00Z,Sat,MEM,TOR,NA,NA,NA
2020,2020-03-28,2020-03-28T08:00:00Z,Sat,MIA,PHO,NA,NA,NA
2020,2020-03-28,2020-03-28T08:00:00Z,Sat,WAS,LAL,NA,NA,NA
2020,2020-03-28,2020-03-28T08:30:00Z,Sat,GSW,OKC,NA,NA,NA
2020,2020-03-28,2020-03-28T09:00:00Z,Sat,UTA,ATL,NA,NA,NA
2020,2020-03-29,2020-03-29T03:00:00Z,Sun,DAL,MIL,NA,NA,NA
2020,2020-03-29,2020-03-29T05:00:00Z,Sun,DET,HOU,NA,NA,NA
2020,2020-03-29,2020-03-29T06:00:00Z,Sun,BOS,MIN,NA,NA,NA
2020,2020-03-29,2020-03-29T06:00:00Z,Sun,ORL,NOP,NA,NA,NA
2020,2020-03-29,2020-03-29T07:30:00Z,Sun,PHI,POR,NA,NA,NA
2020,2020-03-29,2020-03-29T08:30:00Z,Sun,GSW,SAS,NA,NA,NA
2020,2020-03-29,2020-03-29T09:00:00Z,Sun,SAC,IND,NA,NA,NA
2020,2020-03-30,2020-03-30T07:00:00Z,Mon,CHO,MIA,NA,NA,NA
2020,2020-03-30,2020-03-30T07:00:00Z,Mon,CLE,PHO,NA,NA,NA
2020,2020-03-30,2020-03-30T07:30:00Z,Mon,BRK,POR,NA,NA,NA
2020,2020-03-30,2020-03-30T07:30:00Z,Mon,TOR,MEM,NA,NA,NA
2020,2020-03-30,2020-03-30T08:00:00Z,Mon,MIN,LAL,NA,NA,NA
2020,2020-03-30,2020-03-30T09:00:00Z,Mon,DEN,OKC,NA,NA,NA
2020,2020-03-30,2020-03-30T09:00:00Z,Mon,UTA,CHI,NA,NA,NA
2020,2020-03-30,2020-03-30T10:30:00Z,Mon,LAC,IND,NA,NA,NA
2020,2020-03-31,2020-03-31T07:30:00Z,Tue,ATL,NOP,NA,NA,NA
2020,2020-03-31,2020-03-31T07:30:00Z,Tue,PHI,HOU,NA,NA,NA
2020,2020-03-31,2020-03-31T10:00:00Z,Tue,GSW,DEN,NA,NA,NA
2020,2020-03-31,2020-03-31T10:00:00Z,Tue,SAC,SAS,NA,NA,NA
2020,2020-04-01,2020-04-01T07:00:00Z,Wed,ORL,CHO,NA,NA,NA
2020,2020-04-01,2020-04-01T07:00:00Z,Wed,WAS,NOP,NA,NA,NA
2020,2020-04-01,2020-04-01T07:30:00Z,Wed,BOS,MIA,NA,NA,NA
2020,2020-04-01,2020-04-01T07:30:00Z,Wed,BRK,DET,NA,NA,NA
2020,2020-04-01,2020-04-01T08:00:00Z,Wed,MEM,NYK,NA,NA,NA
2020,2020-04-01,2020-04-01T08:00:00Z,Wed,MIN,DAL,NA,NA,NA
2020,2020-04-01,2020-04-01T08:00:00Z,Wed,OKC,PHO,NA,NA,NA
2020,2020-04-01,2020-04-01T09:00:00Z,Wed,MIL,TOR,NA,NA,NA
2020,2020-04-01,2020-04-01T09:00:00Z,Wed,UTA,CLE,NA,NA,NA
2020,2020-04-01,2020-04-01T10:30:00Z,Wed,LAL,IND,NA,NA,NA
2020,2020-04-02,2020-04-02T08:00:00Z,Thu,HOU,GSW,NA,NA,NA
2020,2020-04-02,2020-04-02T10:00:00Z,Thu,SAC,LAC,NA,NA,NA
2020,2020-04-02,2020-04-02T10:30:00Z,Thu,POR,UTA,NA,NA,NA
2020,2020-04-03,2020-04-03T07:00:00Z,Fri,DET,MIA,NA,NA,NA
2020,2020-04-03,2020-04-03T07:00:00Z,Fri,IND,BRK,NA,NA,NA
2020,2020-04-03,2020-04-03T07:00:00Z,Fri,WAS,PHI,NA,NA,NA
2020,2020-04-03,2020-04-03T07:30:00Z,Fri,ATL,CHO,NA,NA,NA
2020,2020-04-03,2020-04-03T07:30:00Z,Fri,BOS,ORL,NA,NA,NA
2020,2020-04-03,2020-04-03T07:30:00Z,Fri,NYK,MIN,NA,NA,NA
2020,2020-04-03,2020-04-03T07:30:00Z,Fri,TOR,MIL,NA,NA,NA
2020,2020-04-03,2020-04-03T08:00:00Z,Fri,MEM,DAL,NA,NA,NA
2020,2020-04-03,2020-04-03T08:30:00Z,Fri,SAS,GSW,NA,NA,NA
2020,2020-04-03,2020-04-03T09:00:00Z,Fri,DEN,CHI,NA,NA,NA
2020,2020-04-03,2020-04-03T10:00:00Z,Fri,PHO,CLE,NA,NA,NA
2020,2020-04-04,2020-04-04T03:30:00Z,Sat,LAC,OKC,NA,NA,NA
2020,2020-04-04,2020-04-04T10:00:00Z,Sat,SAC,LAL,NA,NA,NA
2020,2020-04-05,2020-04-05T01:00:00Z,Sun,CHO,ATL,NA,NA,NA
2020,2020-04-05,2020-04-05T01:00:00Z,Sun,PHI,ORL,NA,NA,NA
2020,2020-04-05,2020-04-05T03:30:00Z,Sun,BOS,MIL,NA,NA,NA
2020,2020-04-05,2020-04-05T05:00:00Z,Sun,IND,WAS,NA,NA,NA
2020,2020-04-05,2020-04-05T05:00:00Z,Sun,NYK,MIA,NA,NA,NA
2020,2020-04-05,2020-04-05T06:00:00Z,Sun,BRK,DAL,NA,NA,NA
2020,2020-04-05,2020-04-05T06:00:00Z,Sun,DEN,UTA,NA,NA,NA
2020,2020-04-05,2020-04-05T06:00:00Z,Sun,PHO,CHI,NA,NA,NA
2020,2020-04-05,2020-04-05T07:00:00Z,Sun,HOU,TOR,NA,NA,NA
2020,2020-04-05,2020-04-05T07:00:00Z,Sun,MIN,DET,NA,NA,NA
2020,2020-04-05,2020-04-05T07:00:00Z,Sun,SAS,NOP,NA,NA,NA
2020,2020-04-05,2020-04-05T09:00:00Z,Sun,POR,MEM,NA,NA,NA
2020,2020-04-05,2020-04-05T09:00:00Z,Sun,SAC,CLE,NA,NA,NA
2020,2020-04-05,2020-04-05T09:30:00Z,Sun,LAL,OKC,NA,NA,NA
2020,2020-04-07,2020-04-07T07:00:00Z,Tue,WAS,TOR,NA,NA,NA
2020,2020-04-07,2020-04-07T07:30:00Z,Tue,ATL,DET,NA,NA,NA
2020,2020-04-07,2020-04-07T07:30:00Z,Tue,MIA,IND,NA,NA,NA
2020,2020-04-07,2020-04-07T07:30:00Z,Tue,PHI,MIL,NA,NA,NA
2020,2020-04-07,2020-04-07T08:00:00Z,Tue,MIN,PHO,NA,NA,NA
2020,2020-04-07,2020-04-07T08:00:00Z,Tue,NOP,CHO,NA,NA,NA
2020,2020-04-07,2020-04-07T08:00:00Z,Tue,OKC,BRK,NA,NA,NA
2020,2020-04-07,2020-04-07T08:30:00Z,Tue,DAL,HOU,NA,NA,NA
2020,2020-04-07,2020-04-07T08:30:00Z,Tue,SAS,SAC,NA,NA,NA
2020,2020-04-07,2020-04-07T09:00:00Z,Tue,DEN,MEM,NA,NA,NA
2020,2020-04-07,2020-04-07T10:00:00Z,Tue,POR,CLE,NA,NA,NA
2020,2020-04-07,2020-04-07T10:00:00Z,Tue,UTA,LAC,NA,NA,NA
2020,2020-04-07,2020-04-07T10:30:00Z,Tue,LAL,CHI,NA,NA,NA
2020,2020-04-08,2020-04-08T07:00:00Z,Wed,BOS,IND,NA,NA,NA
2020,2020-04-08,2020-04-08T07:00:00Z,Wed,CHO,TOR,NA,NA,NA
2020,2020-04-08,2020-04-08T07:30:00Z,Wed,NYK,ORL,NA,NA,NA
2020,2020-04-08,2020-04-08T09:30:00Z,Wed,HOU,SAS,NA,NA,NA
2020,2020-04-08,2020-04-08T10:30:00Z,Wed,GSW,CLE,NA,NA,NA
2020,2020-04-08,2020-04-08T10:30:00Z,Wed,LAC,CHI,NA,NA,NA
2020,2020-04-09,2020-04-09T07:30:00Z,Thu,MIA,DET,NA,NA,NA
2020,2020-04-09,2020-04-09T08:00:00Z,Thu,MIL,BRK,NA,NA,NA
2020,2020-04-09,2020-04-09T08:00:00Z,Thu,MIN,SAC,NA,NA,NA
2020,2020-04-09,2020-04-09T08:00:00Z,Thu,NOP,PHO,NA,NA,NA
2020,2020-04-09,2020-04-09T10:00:00Z,Thu,POR,DEN,NA,NA,NA
2020,2020-04-09,2020-04-09T10:30:00Z,Thu,LAL,GSW,NA,NA,NA
2020,2020-04-10,2020-04-10T07:00:00Z,Fri,ORL,BOS,NA,NA,NA
2020,2020-04-10,2020-04-10T07:30:00Z,Fri,TOR,ATL,NA,NA,NA
2020,2020-04-10,2020-04-10T08:00:00Z,Fri,HOU,WAS,NA,NA,NA
2020,2020-04-10,2020-04-10T08:00:00Z,Fri,OKC,NYK,NA,NA,NA
2020,2020-04-10,2020-04-10T08:30:00Z,Fri,SAS,PHI,NA,NA,NA
2020,2020-04-11,2020-04-11T03:00:00Z,Sat,DAL,DET,NA,NA,NA
2020,2020-04-11,2020-04-11T07:00:00Z,Sat,CHO,WAS,NA,NA,NA
2020,2020-04-11,2020-04-11T07:00:00Z,Sat,IND,ORL,NA,NA,NA
2020,2020-04-11,2020-04-11T07:00:00Z,Sat,NOP,PHI,NA,NA,NA
2020,2020-04-11,2020-04-11T07:30:00Z,Sat,CLE,MIL,NA,NA,NA
2020,2020-04-11,2020-04-11T08:00:00Z,Sat,CHI,BRK,NA,NA,NA
2020,2020-04-11,2020-04-11T08:00:00Z,Sat,MEM,OKC,NA,NA,NA
2020,2020-04-11,2020-04-11T08:00:00Z,Sat,MIA,BOS,NA,NA,NA
2020,2020-04-11,2020-04-11T08:30:00Z,Sat,LAC,GSW,NA,NA,NA
2020,2020-04-11,2020-04-11T09:00:00Z,Sat,DEN,SAC,NA,NA,NA
2020,2020-04-11,2020-04-11T10:00:00Z,Sat,PHO,UTA,NA,NA,NA
2020,2020-04-12,2020-04-12T03:30:00Z,Sun,SAS,HOU,NA,NA,NA
2020,2020-04-12,2020-04-12T06:00:00Z,Sun,TOR,NYK,NA,NA,NA
2020,2020-04-12,2020-04-12T07:00:00Z,Sun,MIL,ATL,NA,NA,NA
2020,2020-04-12,2020-04-12T09:30:00Z,Sun,LAL,MIN,NA,NA,NA
2020,2020-04-13,2020-04-13T07:00:00Z,Mon,CHO,MIA,NA,NA,NA
2020,2020-04-13,2020-04-13T07:00:00Z,Mon,CLE,BRK,NA,NA,NA
2020,2020-04-13,2020-04-13T07:00:00Z,Mon,DET,BOS,NA,NA,NA
2020,2020-04-13,2020-04-13T07:00:00Z,Mon,IND,SAS,NA,NA,NA
2020,2020-04-13,2020-04-13T08:00:00Z,Mon,CHI,ORL,NA,NA,NA
2020,2020-04-13,2020-04-13T08:00:00Z,Mon,HOU,PHO,NA,NA,NA
2020,2020-04-13,2020-04-13T08:00:00Z,Mon,MEM,PHI,NA,NA,NA
2020,2020-04-13,2020-04-13T08:00:00Z,Mon,NOP,WAS,NA,NA,NA
2020,2020-04-13,2020-04-13T08:00:00Z,Mon,OKC,UTA,NA,NA,NA
2020,2020-04-13,2020-04-13T09:00:00Z,Mon,DEN,DAL,NA,NA,NA
2020,2020-04-13,2020-04-13T10:30:00Z,Mon,GSW,POR,NA,NA,NA
2020,2020-04-13,2020-04-13T10:30:00Z,Mon,LAC,MIN,NA,NA,NA
2020,2020-04-14,2020-04-14T07:30:00Z,Tue,MIA,TOR,NA,NA,NA
2020,2020-04-14,2020-04-14T07:30:00Z,Tue,NYK,DET,NA,NA,NA
2020,2020-04-14,2020-04-14T10:00:00Z,Tue,UTA,DEN,NA,NA,NA
2020,2020-04-14,2020-04-14T10:30:00Z,Tue,LAL,SAC,NA,NA,NA
2020,2020-04-15,2020-04-15T07:30:00Z,Wed,ATL,CLE,NA,NA,NA
2020,2020-04-15,2020-04-15T07:30:00Z,Wed,BOS,CHI,NA,NA,NA
2020,2020-04-15,2020-04-15T07:30:00Z,Wed,BRK,MIL,NA,NA,NA
2020,2020-04-15,2020-04-15T07:30:00Z,Wed,DAL,OKC,NA,NA,NA
2020,2020-04-15,2020-04-15T07:30:00Z,Wed,HOU,MEM,NA,NA,NA
2020,2020-04-15,2020-04-15T07:30:00Z,Wed,MIN,NYK,NA,NA,NA
2020,2020-04-15,2020-04-15T07:30:00Z,Wed,ORL,TOR,NA,NA,NA
2020,2020-04-15,2020-04-15T07:30:00Z,Wed,PHI,CHO,NA,NA,NA
2020,2020-04-15,2020-04-15T07:30:00Z,Wed,SAS,NOP,NA,NA,NA
2020,2020-04-15,2020-04-15T07:30:00Z,Wed,WAS,IND,NA,NA,NA
2020,2020-04-15,2020-04-15T10:00:00Z,Wed,PHO,LAL,NA,NA,NA
2020,2020-04-15,2020-04-15T10:00:00Z,Wed,POR,LAC,NA,NA,NA
2020,2020-04-15,2020-04-15T10:00:00Z,Wed,SAC,GSW,NA,NA,NA
