sc,range,season,tm_tr,tm,w_win,l_win,t_win,mov_win,w_ats,l_ats,t_ats,ats_ats,w_ou,l_ou,t_ou,total_ou
is_after_bye,2016,2016,Arizona,ARI,1,0,0,3,0,1,0,-10.5,0,1,0,-3.5
is_after_bye,2016,2016,Atlanta,ATL,2,0,0,17.5,2,0,0,12.5,2,0,0,6.5
is_after_bye,2016,2016,Baltimore,BAL,1,0,0,7,1,0,0,10.5,0,1,0,-11
is_after_bye,2016,2016,Buffalo,BUF,1,0,0,4,1,0,0,6.5,0,1,0,-20
is_after_bye,2016,2016,Carolina,CAR,1,0,0,10,1,0,0,7.5,1,0,0,4.5
is_after_bye,2016,2016,Chicago,CHI,0,1,0,-26,0,1,0,-28.5,1,0,0,1
is_after_bye,2016,2016,Cincinnati,CIN,0,1,0,-1,0,1,0,-2,0,1,0,-8.5
is_after_bye,2016,2016,Cleveland,CLE,0,1,0,-13,0,1,0,-9,0,1,0,-9
is_after_bye,2016,2016,Dallas,DAL,1,1,0,1.5,1,1,0,-3.8,2,0,0,10.2
is_after_bye,2016,2016,Denver,DEN,0,1,0,-3,0,1,0,-6.5,1,0,0,17
is_after_bye,2016,2016,Detroit,DET,1,0,0,7,1,0,0,1.5,0,1,0,-2
is_after_bye,2016,2016,Green Bay,GBY,1,0,0,7,0,0,1,0,0,1,0,-10
is_after_bye,2016,2016,Houston,HOU,1,0,0,3,1,0,0,6,1,0,0,3
is_after_bye,2016,2016,Indianapolis,IND,1,0,0,7,1,0,0,4,0,1,0,-12.5
is_after_bye,2016,2016,Jacksonville,JAX,1,0,0,1,1,0,0,3.5,0,1,0,-13
is_after_bye,2016,2016,Kansas City,KCY,1,1,0,7,1,1,0,5.2,0,2,0,-11
is_after_bye,2016,2016,LA Chargers,LAC,1,0,0,8,1,0,0,5.5,0,1,0,-11.5
is_after_bye,2016,2016,LA Rams,LAR,0,1,0,-3,0,0,1,0,0,1,0,-21.5
is_after_bye,2016,2016,Miami,MIA,1,0,0,4,1,0,0,0.5,1,0,0,5
is_after_bye,2016,2016,Minnesota,MIN,0,1,0,-11,0,1,0,-13.5,0,1,0,-8
is_after_bye,2016,2016,New Orleans,NOR,1,0,0,3,1,0,0,5.5,1,0,0,25.5
is_after_bye,2016,2016,New England,NWE,1,1,0,5.5,1,1,0,-6.2,2,0,0,5.8
is_after_bye,2016,2016,NY Giants,NYG,1,0,0,5,1,0,0,2,1,0,0,8.5
is_after_bye,2016,2016,NY Jets,NYJ,0,1,0,-5,1,0,0,3.5,0,1,0,-9
is_after_bye,2016,2016,Oakland,OAK,1,0,0,7,1,0,0,0.5,1,0,0,1.5
is_after_bye,2016,2016,Philadelphia,PHI,0,1,0,-1,0,1,0,-4.5,1,0,0,1
is_after_bye,2016,2016,Pittsburgh,PIT,0,1,0,-7,0,1,0,-10.5,0,1,0,-11
is_after_bye,2016,2016,Seattle,SEA,1,0,0,2,0,1,0,-5,1,0,0,4.5
is_after_bye,2016,2016,San Francisco,SFO,0,1,0,-18,0,1,0,-13,1,0,0,11
is_after_bye,2016,2016,Tampa Bay,TBY,1,0,0,17,1,0,0,18,1,0,0,6
is_after_bye,2016,2016,Tennessee,TEN,1,0,0,3,1,0,0,1,0,1,0,-21
is_after_bye,2016,2016,Washington,WAS,1,0,0,6,1,0,0,3.5,1,0,0,4
is_after_bye,2017,2017,Arizona,ARI,1,0,0,10,1,0,0,7.5,0,1,0,-9
is_after_bye,2017,2017,Atlanta,ATL,0,1,0,-3,0,1,0,-17,0,1,0,-9
is_after_bye,2017,2017,Baltimore,BAL,1,0,0,23,1,0,0,20.5,0,1,0,-15.5
is_after_bye,2017,2017,Buffalo,BUF,1,0,0,3,0,0,1,0,1,0,0,10.5
is_after_bye,2017,2017,Carolina,CAR,1,0,0,8,1,0,0,2.5,1,0,0,22.5
is_after_bye,2017,2017,Chicago,CHI,0,1,0,-7,0,1,0,-11.5,1,0,0,1.5
is_after_bye,2017,2017,Cincinnati,CIN,0,1,0,-15,0,1,0,-11,1,0,0,3
is_after_bye,2017,2017,Cleveland,CLE,0,1,0,-14,0,1,0,-3.5,1,0,0,19.5
is_after_bye,2017,2017,Dallas,DAL,1,0,0,30,1,0,0,23.5,1,0,0,2
is_after_bye,2017,2017,Denver,DEN,0,1,0,-13,0,1,0,-26.5,0,1,0,-4.5
is_after_bye,2017,2017,Detroit,DET,0,1,0,-5,0,1,0,-2,0,1,0,-9.5
is_after_bye,2017,2017,Green Bay,GBY,0,1,0,-13,0,1,0,-10.5,1,0,0,4.5
is_after_bye,2017,2017,Houston,HOU,0,1,0,-3,1,0,0,3,1,0,0,34
is_after_bye,2017,2017,Indianapolis,IND,0,1,0,-4,0,1,0,-1,0,1,0,-10.5
is_after_bye,2017,2017,Jacksonville,JAX,1,0,0,16,1,0,0,10,0,1,0,-8
is_after_bye,2017,2017,Kansas City,KCY,0,1,0,-3,0,1,0,-13,0,1,0,-23.5
is_after_bye,2017,2017,LA Chargers,LAC,0,1,0,-3,1,0,0,2,0,1,0,-3.5
is_after_bye,2017,2017,LA Rams,LAR,1,0,0,34,1,0,0,28.5,1,0,0,25.5
is_after_bye,2017,2017,Minnesota,MIN,2,0,0,6.5,1,1,0,3.2,2,0,0,15.8
is_after_bye,2017,2017,New Orleans,NOR,1,0,0,14,1,0,0,8,1,0,0,39.5
is_after_bye,2017,2017,New England,NWE,2,0,0,23,2,0,0,12.8,2,0,0,6.2
is_after_bye,2017,2017,NY Giants,NYG,0,1,0,-34,0,1,0,-28.5,1,0,0,25.5
is_after_bye,2017,2017,NY Jets,NYJ,0,1,0,-8,0,1,0,-2.5,1,0,0,22.5
is_after_bye,2017,2017,Oakland,OAK,0,1,0,-25,0,1,0,-18,0,1,0,-14
is_after_bye,2017,2017,Philadelphia,PHI,2,0,0,16.5,2,0,0,14.8,0,2,0,-8.5
is_after_bye,2017,2017,Pittsburgh,PIT,1,1,0,0,0,2,0,-8.8,1,1,0,18.2
is_after_bye,2017,2017,Seattle,SEA,1,0,0,17,1,0,0,13,0,1,0,-8
is_after_bye,2017,2017,San Francisco,SFO,0,1,0,-11,0,1,0,-4,0,1,0,-8
is_after_bye,2017,2017,Tennessee,TEN,1,0,0,3,0,0,1,0,1,0,0,2
is_after_bye,2017,2017,Washington,WAS,1,0,0,2,0,1,0,-10,1,0,0,4
is_after_loss,2016,2016,Arizona,ARI,5,3,0,3.6,4,4,0,0.2,5,3,0,8.4
is_after_loss,2016,2016,Atlanta,ATL,4,1,0,10.4,3,2,0,8.1,5,0,0,12
is_after_loss,2016,2016,Baltimore,BAL,3,4,0,-3.1,2,5,0,-4,2,5,0,-3.3
is_after_loss,2016,2016,Buffalo,BUF,3,5,0,-2,3,5,0,-1.4,6,2,0,5.2
is_after_loss,2016,2016,Carolina,CAR,4,5,0,-1.2,4,5,0,-3.3,5,4,0,5.9
is_after_loss,2016,2016,Chicago,CHI,3,9,0,-6.3,6,6,0,-2.8,6,6,0,-1.8
is_after_loss,2016,2016,Cincinnati,CIN,4,5,0,2.6,5,4,0,1.4,4,5,0,-6.2
is_after_loss,2016,2016,Cleveland,CLE,1,13,0,-11.9,3,11,0,-4.6,7,7,0,-0.5
is_after_loss,2016,2016,Dallas,DAL,2,1,0,2.3,1,2,0,-0.7,2,1,0,4.7
is_after_loss,2016,2016,Denver,DEN,4,3,0,0.6,4,3,0,-0.4,1,6,0,-7.6
is_after_loss,2016,2016,Detroit,DET,2,5,0,-7.3,2,5,0,-3.1,4,3,0,0.1
is_after_loss,2016,2016,Green Bay,GBY,3,3,0,-1.3,3,3,0,-4.2,4,2,0,7.1
is_after_loss,2016,2016,Houston,HOU,5,2,0,2.7,4,2,1,3.2,3,4,0,-4.6
is_after_loss,2016,2016,Indianapolis,IND,7,1,0,9,6,2,0,10.6,5,3,0,2.2
is_after_loss,2016,2016,Jacksonville,JAX,2,10,0,-4.8,6,6,0,-1.5,8,4,0,1.9
is_after_loss,2016,2016,Kansas City,KCY,4,0,0,15.8,4,0,0,14.8,2,2,0,-1.5
is_after_loss,2016,2016,LA Chargers,LAC,4,6,0,1.6,5,5,0,1.4,5,5,0,3.5
is_after_loss,2016,2016,LA Rams,LAR,2,9,0,-12.4,2,8,1,-7.5,5,6,0,-4
is_after_loss,2016,2016,Miami,MIA,3,3,0,-2.3,2,4,0,-0.1,4,2,0,3.8
is_after_loss,2016,2016,Minnesota,MIN,3,5,0,0.8,4,4,0,-0.4,5,3,0,3.2
is_after_loss,2016,2016,New Orleans,NOR,4,4,0,2.1,6,2,0,2.9,4,4,0,4.8
is_after_loss,2016,2016,New England,NWE,2,0,0,16.5,2,0,0,6.2,0,2,0,-3
is_after_loss,2016,2016,NY Giants,NYG,3,2,0,-1,3,1,1,2.9,1,4,0,-11.9
is_after_loss,2016,2016,NY Jets,NYJ,4,7,0,-8.2,5,6,0,-3.7,3,8,0,-2.5
is_after_loss,2016,2016,Oakland,OAK,3,1,0,3.5,3,1,0,4,2,2,0,-7.5
is_after_loss,2016,2016,Philadelphia,PHI,3,6,0,-2.8,4,5,0,-2.3,6,3,0,0.3
is_after_loss,2016,2016,Pittsburgh,PIT,2,3,0,4.2,2,3,0,2.2,2,3,0,-1.2
is_after_loss,2016,2016,Seattle,SEA,5,0,0,16.2,4,1,0,6.1,4,1,0,3.9
is_after_loss,2016,2016,San Francisco,SFO,1,12,0,-13.7,2,10,1,-8,8,5,0,3.8
is_after_loss,2016,2016,Tampa Bay,TBY,3,4,0,-2.4,2,5,0,-0.6,4,3,0,2.5
is_after_loss,2016,2016,Tennessee,TEN,6,1,0,8,5,2,0,8.4,5,2,0,5.2
is_after_loss,2016,2016,Washington,WAS,3,2,1,2.5,4,2,0,2.6,6,0,0,6
is_after_loss,2017,2017,Arizona,ARI,7,1,0,5.2,5,3,0,4.6,3,5,0,-2.6
is_after_loss,2017,2017,Atlanta,ATL,4,2,0,3.5,3,3,0,-1.2,1,5,0,-12.7
is_after_loss,2017,2017,Baltimore,BAL,4,2,0,11.3,4,2,0,11.2,3,3,0,-2.8
is_after_loss,2017,2017,Buffalo,BUF,5,2,0,-5.1,4,2,1,-3.4,4,3,0,2.4
is_after_loss,2017,2017,Carolina,CAR,3,2,0,1,4,1,0,4.4,3,2,0,-1.3
is_after_loss,2017,2017,Chicago,CHI,4,6,0,-1.2,5,4,1,2.1,3,7,0,-3
is_after_loss,2017,2017,Cincinnati,CIN,4,5,0,-3,5,4,0,-2.5,3,6,0,-1.4
is_after_loss,2017,2017,Cleveland,CLE,0,15,0,-11.5,3,12,0,-5.2,7,8,0,-0.4
is_after_loss,2017,2017,Dallas,DAL,4,3,0,2.4,4,3,0,1.4,3,4,0,-4.3
is_after_loss,2017,2017,Denver,DEN,2,8,0,-9.4,2,8,0,-8,5,5,0,0.6
is_after_loss,2017,2017,Detroit,DET,4,3,0,0.6,4,3,0,1.1,4,3,0,4.6
is_after_loss,2017,2017,Green Bay,GBY,3,5,0,-6.1,3,5,0,-2.3,6,2,0,0.1
is_after_loss,2017,2017,Houston,HOU,4,7,0,-5,4,7,0,-2,4,7,0,0.5
is_after_loss,2017,2017,Indianapolis,IND,4,8,0,-4.9,7,5,0,-0.4,3,9,0,-4.5
is_after_loss,2017,2017,Jacksonville,JAX,5,1,0,17.8,4,2,0,16.5,1,5,0,-7.6
is_after_loss,2017,2017,Kansas City,KCY,2,4,0,0.7,2,4,0,-5.5,3,3,0,-1.1
is_after_loss,2017,2017,LA Chargers,LAC,3,4,0,3,3,4,0,1.7,3,4,0,-0.9
is_after_loss,2017,2017,LA Rams,LAR,4,1,0,8,3,2,0,5.6,3,2,0,5.2
is_after_loss,2017,2017,Miami,MIA,2,7,0,-7.2,2,6,1,-1.9,5,4,0,-0.7
is_after_loss,2017,2017,Minnesota,MIN,3,0,0,15.7,2,1,0,10.3,1,2,0,1.5
is_after_loss,2017,2017,New Orleans,NOR,4,1,0,6.4,2,3,0,2.9,5,0,0,3.6
is_after_loss,2017,2017,New England,NWE,3,0,0,8,3,0,0,4.2,1,2,0,-7.3
is_after_loss,2017,2017,NY Giants,NYG,3,10,0,-7.6,7,6,0,-3.3,6,7,0,0.3
is_after_loss,2017,2017,NY Jets,NYJ,3,7,0,-4.6,6,3,1,3.6,7,3,0,5.5
is_after_loss,2017,2017,Oakland,OAK,3,6,0,-4.6,3,4,2,-3,3,6,0,-4.6
is_after_loss,2017,2017,Philadelphia,PHI,3,0,0,5.3,2,1,0,4.8,2,1,0,7.8
is_after_loss,2017,2017,Pittsburgh,PIT,3,0,0,17,3,0,0,14.3,0,3,0,-8.8
is_after_loss,2017,2017,Seattle,SEA,5,1,0,3.7,3,2,1,-1.9,2,4,0,-3.5
is_after_loss,2017,2017,San Francisco,SFO,2,8,0,-6.5,6,4,0,-0.4,5,5,0,0.7
is_after_loss,2017,2017,Tampa Bay,TBY,3,8,0,-3.9,4,6,1,-1.3,5,6,0,-2.5
is_after_loss,2017,2017,Tennessee,TEN,4,3,0,4.6,6,1,0,3.8,4,3,0,-1.5
is_after_loss,2017,2017,Washington,WAS,5,3,0,-0.9,5,3,0,-0.1,4,4,0,-1.7
is_after_win,2016,2016,Arizona,ARI,2,3,1,6.5,2,4,0,2.8,4,2,0,-2.1
is_after_win,2016,2016,Atlanta,ATL,9,4,0,9.4,9,4,0,7.4,10,2,1,7.9
is_after_win,2016,2016,Baltimore,BAL,4,4,0,4.8,4,4,0,4.4,5,3,0,2.1
is_after_win,2016,2016,Buffalo,BUF,4,3,0,6.1,3,4,0,3.4,6,1,0,6.6
is_after_win,2016,2016,Carolina,CAR,2,4,0,-3.5,2,3,1,-3.2,1,4,1,-5.1
is_after_win,2016,2016,Chicago,CHI,0,3,0,-11.7,1,2,0,-8.7,2,1,0,0.2
is_after_win,2016,2016,Cincinnati,CIN,1,3,1,-2.6,1,4,0,-3.3,1,4,0,-3.5
is_after_win,2016,2016,Cleveland,CLE,0,1,0,-3,1,0,0,0.5,1,0,0,9.5
is_after_win,2016,2016,Dallas,DAL,11,2,0,8.2,9,4,0,6,5,8,0,-0.4
is_after_win,2016,2016,Denver,DEN,4,4,0,3.9,4,4,0,2.2,5,3,0,0.1
is_after_win,2016,2016,Detroit,DET,6,3,0,1.7,5,4,0,0.4,1,8,0,-8.9
is_after_win,2016,2016,Green Bay,GBY,8,4,0,4.4,7,4,1,2.7,8,4,0,3.7
is_after_win,2016,2016,Houston,HOU,4,6,0,-8.2,2,8,0,-4.5,5,5,0,-2.9
is_after_win,2016,2016,Indianapolis,IND,1,6,0,-7,1,5,1,-5.7,3,4,0,-3.7
is_after_win,2016,2016,Jacksonville,JAX,1,2,0,-6.7,2,1,0,-4.7,1,2,0,-5.3
is_after_win,2016,2016,Kansas City,KCY,7,5,0,0.6,5,6,1,-2,3,9,0,-3.4
is_after_win,2016,2016,LA Chargers,LAC,1,4,0,-4.6,1,4,0,-4.2,3,1,1,3.3
is_after_win,2016,2016,LA Rams,LAR,2,2,0,-1.5,2,2,0,2.2,2,2,0,1.9
is_after_win,2016,2016,Miami,MIA,7,3,0,-1.9,6,3,1,-0.1,8,2,0,2.9
is_after_win,2016,2016,Minnesota,MIN,4,3,0,0.7,4,3,0,-0.4,1,6,0,-7.4
is_after_win,2016,2016,New Orleans,NOR,3,4,0,-0.1,4,2,1,-0.4,4,3,0,4.7
is_after_win,2016,2016,New England,NWE,14,2,0,12.4,13,3,0,5.2,9,7,0,-1.3
is_after_win,2016,2016,NY Giants,NYG,7,4,0,0.5,5,6,0,-1,4,7,0,-6.4
is_after_win,2016,2016,NY Jets,NYJ,1,3,0,-10.8,1,3,0,-9.1,3,1,0,2
is_after_win,2016,2016,Oakland,OAK,8,4,0,0.2,6,6,0,-1,9,3,0,4.9
is_after_win,2016,2016,Philadelphia,PHI,3,3,0,7,3,3,0,8.3,3,3,0,-0.9
is_after_win,2016,2016,Pittsburgh,PIT,10,3,0,2.3,8,5,0,-1.9,4,9,0,-3.6
is_after_win,2016,2016,Seattle,SEA,5,5,1,-1.1,5,6,0,-3.7,6,5,0,-5.2
is_after_win,2016,2016,San Francisco,SFO,0,2,0,-10.5,1,1,0,1.2,2,0,0,15.8
is_after_win,2016,2016,Tampa Bay,TBY,5,3,0,-0.6,6,2,0,2.9,2,5,1,-6.6
is_after_win,2016,2016,Tennessee,TEN,3,5,0,-5.5,2,6,0,-5.9,4,4,0,0.2
is_after_win,2016,2016,Washington,WAS,4,4,0,1.8,5,3,0,-0.1,4,4,0,-4.1
is_after_win,2017,2017,Arizona,ARI,1,6,0,-13.7,1,5,1,-8.4,2,5,0,-1.1
is_after_win,2017,2017,Atlanta,ATL,6,5,0,1.7,5,6,0,-0.9,4,7,0,-4.5
is_after_win,2017,2017,Baltimore,BAL,4,5,0,0.4,3,5,1,-3.8,6,3,0,10.2
is_after_win,2017,2017,Buffalo,BUF,3,6,0,-4.1,5,4,0,-0.2,4,5,0,-7.9
is_after_win,2017,2017,Carolina,CAR,7,4,0,0.5,5,6,0,-1.8,7,4,0,2.3
is_after_win,2017,2017,Chicago,CHI,1,4,0,-7.6,2,3,0,-0.4,1,4,0,-9.5
is_after_win,2017,2017,Cincinnati,CIN,3,3,0,-2,4,2,0,0,4,2,0,2.9
is_after_win,2017,2017,Dallas,DAL,4,4,0,-1.4,3,4,1,-4,3,5,0,-1.7
is_after_win,2017,2017,Denver,DEN,2,3,0,-0.4,2,3,0,-3.3,2,3,0,1.7
is_after_win,2017,2017,Detroit,DET,4,4,0,2.2,3,4,1,0.4,5,3,0,3.6
is_after_win,2017,2017,Green Bay,GBY,3,4,0,-3.3,3,4,0,-3.5,5,2,0,1.5
is_after_win,2017,2017,Houston,HOU,0,4,0,-5.2,3,1,0,2,3,1,0,22.2
is_after_win,2017,2017,Indianapolis,IND,0,3,0,-15,1,2,0,-5,2,1,0,8.2
is_after_win,2017,2017,Jacksonville,JAX,6,6,0,2.2,6,6,0,-0.5,8,4,0,9.4
is_after_win,2017,2017,Kansas City,KCY,7,3,0,5.6,7,3,0,2.2,4,6,0,0.4
is_after_win,2017,2017,LA Chargers,LAC,6,2,0,8.1,5,3,0,6.1,0,8,0,-11.2
is_after_win,2017,2017,LA Rams,LAR,6,5,0,5.4,5,6,0,2.9,7,4,0,2.6
is_after_win,2017,2017,Miami,MIA,3,3,0,-8.2,2,3,1,-4.4,3,3,0,-0.9
is_after_win,2017,2017,Minnesota,MIN,10,4,0,3.4,8,6,0,0.3,7,7,0,-3
is_after_win,2017,2017,New Orleans,NOR,8,4,0,8.3,8,4,0,5,5,7,0,-2.3
is_after_win,2017,2017,New England,NWE,12,3,0,11.3,9,6,0,1.8,7,8,0,-0.9
is_after_win,2017,2017,NY Giants,NYG,0,2,0,-13.5,0,2,0,-8,0,2,0,-11
is_after_win,2017,2017,NY Jets,NYJ,2,3,0,-5.8,3,2,0,-3.5,1,4,0,-10.1
is_after_win,2017,2017,Oakland,OAK,2,4,0,-6.8,1,5,0,-9.2,2,4,0,-3
is_after_win,2017,2017,Philadelphia,PHI,12,3,0,11.8,10,5,0,8.3,8,7,0,1.6
is_after_win,2017,2017,Pittsburgh,PIT,9,4,0,3.2,4,9,0,-3.1,7,6,0,7.1
is_after_win,2017,2017,Seattle,SEA,4,5,0,2.2,3,6,0,0.6,5,4,0,4.6
is_after_win,2017,2017,San Francisco,SFO,4,1,0,6.6,3,2,0,7.3,3,2,0,5.7
is_after_win,2017,2017,Tampa Bay,TBY,1,3,0,-6.5,1,3,0,-3.2,3,1,0,0.4
is_after_win,2017,2017,Tennessee,TEN,6,4,0,-6.4,3,6,1,-6.2,6,4,0,1.4
is_after_win,2017,2017,Washington,WAS,2,5,0,-3.7,2,5,0,-2.7,4,3,0,1.4
is_away,2016,2016,Arizona,ARI,3,5,0,0,3,5,0,-0.1,8,0,0,9.9
is_away,2016,2016,Atlanta,ATL,6,2,0,9.5,7,1,0,10.4,5,2,1,7.8
is_away,2016,2016,Baltimore,BAL,2,6,0,-5.4,2,6,0,-3.5,4,4,0,2.1
is_away,2016,2016,Buffalo,BUF,3,5,0,-2.2,3,5,0,-1.1,4,4,0,-4
is_away,2016,2016,Carolina,CAR,2,6,0,-5.2,3,4,1,-3.9,5,3,0,4.8
is_away,2016,2016,Chicago,CHI,0,8,0,-13.5,2,6,0,-8.3,4,4,0,-1.5
is_away,2016,2016,Cincinnati,CIN,2,6,0,-4.2,3,5,0,-2.9,2,6,0,-6.4
is_away,2016,2016,Cleveland,CLE,0,8,0,-12,3,5,0,-4.2,6,2,0,3.2
is_away,2016,2016,Dallas,DAL,6,2,0,5,5,3,0,5.5,2,6,0,-3.7
is_away,2016,2016,Denver,DEN,4,4,0,0,4,4,0,0.4,3,5,0,-4.5
is_away,2016,2016,Detroit,DET,3,6,0,-4.9,3,6,0,-0.9,3,6,0,-3
is_away,2016,2016,Green Bay,GBY,5,5,0,-3.6,5,5,0,-3,8,2,0,8
is_away,2016,2016,Houston,HOU,2,6,0,-11,2,6,0,-4.8,3,5,0,-2.6
is_away,2016,2016,Indianapolis,IND,4,3,0,6.7,4,2,1,11,6,1,0,4.1
is_away,2016,2016,Jacksonville,JAX,1,7,0,-7.6,5,3,0,-2.8,4,4,0,-0.4
is_away,2016,2016,Kansas City,KCY,6,2,0,1.6,6,2,0,2.1,4,4,0,2.2
is_away,2016,2016,LA Chargers,LAC,2,6,0,-3.1,4,4,0,-1.4,4,4,0,1.9
is_away,2016,2016,LA Rams,LAR,3,5,0,-10.5,3,5,0,-4.5,3,5,0,-0.7
is_away,2016,2016,Miami,MIA,4,5,0,-4.3,5,4,0,0.7,5,4,0,-1.1
is_away,2016,2016,Minnesota,MIN,3,5,0,-1.6,3,5,0,-1.1,4,4,0,-1.9
is_away,2016,2016,New Orleans,NOR,3,5,0,0.4,6,1,1,3.4,4,4,0,1.9
is_away,2016,2016,New England,NWE,8,0,0,12.6,7,1,0,7.2,2,6,0,-3.2
is_away,2016,2016,NY Giants,NYG,3,5,0,-4.6,3,4,1,-1.2,2,6,0,-7.4
is_away,2016,2016,NY Jets,NYJ,3,5,0,-11.4,3,5,0,-6.1,3,5,0,0.5
is_away,2016,2016,Oakland,OAK,6,3,0,-0.4,6,3,0,1.1,5,4,0,-1.9
is_away,2016,2016,Philadelphia,PHI,1,7,0,-4.2,2,6,0,-2,7,1,0,4.3
is_away,2016,2016,Pittsburgh,PIT,6,4,0,-0.1,6,4,0,-3,3,7,0,-5.5
is_away,2016,2016,Seattle,SEA,3,5,1,-5,3,6,0,-6.2,5,4,0,-7.8
is_away,2016,2016,San Francisco,SFO,1,7,0,-15.5,2,5,1,-6.8,6,2,0,7.4
is_away,2016,2016,Tampa Bay,TBY,5,3,0,-1.2,6,2,0,3.4,3,4,1,-1.5
is_away,2016,2016,Tennessee,TEN,4,4,0,-2.6,3,5,0,-0.8,5,3,0,2.6
is_away,2016,2016,Washington,WAS,4,3,0,2.4,5,2,0,3.8,5,2,0,0.1
is_away,2017,2017,Arizona,ARI,3,4,0,-5.6,2,5,0,-4.4,3,4,0,0.4
is_away,2017,2017,Atlanta,ATL,6,4,0,0,3,7,0,-1.4,3,7,0,-5.8
is_away,2017,2017,Baltimore,BAL,4,3,0,8.7,5,1,1,10.2,4,3,0,0.4
is_away,2017,2017,Buffalo,BUF,3,6,0,-7,5,4,0,-1.8,3,6,0,-4.2
is_away,2017,2017,Carolina,CAR,5,4,0,0.8,6,3,0,2.7,5,4,0,-1.9
is_away,2017,2017,Chicago,CHI,2,6,0,-9.1,3,5,0,-0.9,2,6,0,-4.3
is_away,2017,2017,Cincinnati,CIN,3,5,0,-4.2,5,3,0,0.9,4,4,0,1.8
is_away,2017,2017,Cleveland,CLE,0,8,0,-11.4,2,6,0,-4.1,5,3,0,3.2
is_away,2017,2017,Dallas,DAL,6,2,0,4.9,5,2,1,2.1,3,5,0,-5
is_away,2017,2017,Denver,DEN,1,7,0,-13.2,1,7,0,-11.8,4,4,0,1.8
is_away,2017,2017,Detroit,DET,5,3,0,-0.9,4,3,1,-0.2,4,4,0,5.2
is_away,2017,2017,Green Bay,GBY,3,5,0,-5.1,4,4,0,-1.4,7,1,0,5.1
is_away,2017,2017,Houston,HOU,1,7,0,-11.6,4,4,0,-3.2,3,5,0,4.8
is_away,2017,2017,Indianapolis,IND,1,7,0,-13.4,3,5,0,-5,4,4,0,2.6
is_away,2017,2017,Jacksonville,JAX,5,5,0,5.9,6,4,0,6.5,4,6,0,5.2
is_away,2017,2017,Kansas City,KCY,4,4,0,2.2,4,4,0,1.2,5,3,0,7.6
is_away,2017,2017,LA Chargers,LAC,4,4,0,0.5,4,3,1,2.1,2,6,0,-8.1
is_away,2017,2017,LA Rams,LAR,7,1,0,11.1,5,3,0,9.2,7,1,0,9.6
is_away,2017,2017,Miami,MIA,2,6,0,-14.4,2,6,0,-7.6,4,4,0,-0.6
is_away,2017,2017,Minnesota,MIN,5,3,0,-2,4,4,0,-3.3,4,4,0,-1.2
is_away,2017,2017,New Orleans,NOR,3,5,0,4.5,4,4,0,5.4,5,3,0,-0.4
is_away,2017,2017,New England,NWE,6,1,0,9.9,5,2,0,3.4,2,5,0,-5.9
is_away,2017,2017,NY Giants,NYG,1,7,0,-7.2,4,4,0,-1.8,3,5,0,-5
is_away,2017,2017,NY Jets,NYJ,1,7,0,-11.8,2,5,1,-4.8,3,5,0,-3.1
is_away,2017,2017,Oakland,OAK,2,6,0,-8.8,2,5,1,-5.9,2,6,0,-7.8
is_away,2017,2017,Philadelphia,PHI,6,2,0,5,5,3,0,3.9,5,3,0,5.7
is_away,2017,2017,Pittsburgh,PIT,7,1,0,7.4,4,4,0,2,1,7,0,-7.1
is_away,2017,2017,Seattle,SEA,5,3,0,3.6,4,3,1,3.2,2,6,0,-5.7
is_away,2017,2017,San Francisco,SFO,3,5,0,-0.2,6,2,0,4.9,3,5,0,-4.7
is_away,2017,2017,Tampa Bay,TBY,1,7,0,-7.2,2,5,1,-3.5,6,2,0,4.9
is_away,2017,2017,Tennessee,TEN,4,6,0,-7.1,4,6,0,-5.4,5,5,0,-1.6
is_away,2017,2017,Washington,WAS,2,6,0,-7.6,3,5,0,-3.6,5,3,0,-0.2
is_away_dog,2016,2016,Arizona,ARI,1,3,0,-8,1,3,0,-3.8,4,0,0,12.1
is_away_dog,2016,2016,Atlanta,ATL,3,2,0,3.2,4,1,0,7,3,2,0,5.6
is_away_dog,2016,2016,Baltimore,BAL,0,5,0,-6.6,1,4,0,-1.8,3,2,0,5.2
is_away_dog,2016,2016,Buffalo,BUF,2,3,0,-1.2,2,3,0,2.3,2,3,0,-8.7
is_away_dog,2016,2016,Carolina,CAR,1,3,0,-6.5,3,1,0,-1,2,2,0,0.2
is_away_dog,2016,2016,Chicago,CHI,0,7,0,-11.7,2,5,0,-5.4,3,4,0,-1.9
is_away_dog,2016,2016,Cincinnati,CIN,1,4,0,-6.4,2,3,0,-2.8,2,3,0,-6
is_away_dog,2016,2016,Cleveland,CLE,0,8,0,-12,3,5,0,-4.2,6,2,0,3.2
is_away_dog,2016,2016,Dallas,DAL,3,1,0,2.2,3,1,0,6.8,2,2,0,3.1
is_away_dog,2016,2016,Denver,DEN,2,3,0,-4.4,2,3,0,-1.8,3,2,0,-1.7
is_away_dog,2016,2016,Detroit,DET,3,5,0,-5.1,3,5,0,-0.2,3,5,0,-1.2
is_away_dog,2016,2016,Green Bay,GBY,2,3,0,-5,3,2,0,-0.6,4,1,0,8.6
is_away_dog,2016,2016,Houston,HOU,2,5,0,-8.7,2,5,0,-1.6,3,4,0,-1.4
is_away_dog,2016,2016,Indianapolis,IND,4,3,0,6.7,4,2,1,11,6,1,0,4.1
is_away_dog,2016,2016,Jacksonville,JAX,1,7,0,-7.6,5,3,0,-2.8,4,4,0,-0.4
is_away_dog,2016,2016,Kansas City,KCY,3,1,0,-5.5,3,1,0,-1.9,3,1,0,6.5
is_away_dog,2016,2016,LA Chargers,LAC,1,5,0,-5,3,3,0,-1.6,4,2,0,5.8
is_away_dog,2016,2016,LA Rams,LAR,2,4,0,-9.8,2,4,0,-1.2,3,3,0,5.6
is_away_dog,2016,2016,Miami,MIA,3,5,0,-7.5,4,4,0,-1.6,4,4,0,-2.1
is_away_dog,2016,2016,Minnesota,MIN,1,3,0,-2.5,1,3,0,1.6,2,2,0,-0.4
is_away_dog,2016,2016,New Orleans,NOR,2,5,0,-2.1,5,1,1,2,3,4,0,0.6
is_away_dog,2016,2016,New England,NWE,1,0,0,2,1,0,0,11,0,1,0,-0.5
is_away_dog,2016,2016,NY Giants,NYG,2,5,0,-7.3,2,4,1,-2.5,2,5,0,-7.4
is_away_dog,2016,2016,NY Jets,NYJ,2,5,0,-13.4,2,5,0,-7,2,5,0,-1.4
is_away_dog,2016,2016,Oakland,OAK,4,3,0,-2,4,3,0,0.5,5,2,0,2.5
is_away_dog,2016,2016,Philadelphia,PHI,1,5,0,-4.3,2,4,0,-0.2,5,1,0,5.2
is_away_dog,2016,2016,Pittsburgh,PIT,1,1,0,-8.5,1,1,0,-4.5,1,1,0,-4
is_away_dog,2016,2016,Seattle,SEA,1,1,1,-3,2,1,0,2.5,2,1,0,-6.8
is_away_dog,2016,2016,San Francisco,SFO,1,6,0,-14.9,2,4,1,-4.9,6,1,0,10.2
is_away_dog,2016,2016,Tampa Bay,TBY,5,3,0,-1.2,6,2,0,3.4,3,4,1,-1.5
is_away_dog,2016,2016,Tennessee,TEN,3,3,0,-1,3,3,0,3.2,3,3,0,0.6
is_away_dog,2016,2016,Washington,WAS,2,2,0,-1.2,3,1,0,2.6,3,1,0,0
is_away_dog,2017,2017,Arizona,ARI,1,3,0,-10,1,3,0,-4.9,2,2,0,4.2
is_away_dog,2017,2017,Atlanta,ATL,1,2,0,-4.3,1,2,0,0.7,0,3,0,-17.2
is_away_dog,2017,2017,Baltimore,BAL,2,3,0,4.2,3,1,1,8.1,4,1,0,4.7
is_away_dog,2017,2017,Buffalo,BUF,2,5,0,-8,4,3,0,-0.6,2,5,0,-6.8
is_away_dog,2017,2017,Carolina,CAR,3,3,0,-1.2,4,2,0,3.8,4,2,0,-0.2
is_away_dog,2017,2017,Chicago,CHI,2,6,0,-9.1,3,5,0,-0.9,2,6,0,-4.3
is_away_dog,2017,2017,Cincinnati,CIN,2,5,0,-8.3,4,3,0,-1.9,4,3,0,2.6
is_away_dog,2017,2017,Cleveland,CLE,0,8,0,-11.4,2,6,0,-4.1,5,3,0,3.2
is_away_dog,2017,2017,Dallas,DAL,0,1,0,-20,0,1,0,-16.5,0,1,0,-15
is_away_dog,2017,2017,Denver,DEN,0,4,0,-15.2,0,4,0,-10.1,2,2,0,7.9
is_away_dog,2017,2017,Detroit,DET,2,2,0,-4.2,2,2,0,-0.8,2,2,0,7.6
is_away_dog,2017,2017,Green Bay,GBY,2,4,0,-5.7,3,3,0,0.2,6,0,0,7.3
is_away_dog,2017,2017,Houston,HOU,1,7,0,-11.6,4,4,0,-3.2,3,5,0,4.8
is_away_dog,2017,2017,Indianapolis,IND,1,7,0,-13.4,3,5,0,-5,4,4,0,2.6
is_away_dog,2017,2017,Jacksonville,JAX,3,2,0,7.4,4,1,0,13.4,1,4,0,5.1
is_away_dog,2017,2017,Kansas City,KCY,2,1,0,2.3,2,1,0,6.8,2,1,0,9
is_away_dog,2017,2017,LA Chargers,LAC,2,4,0,-4.2,3,2,1,-0.6,2,4,0,-5.2
is_away_dog,2017,2017,LA Rams,LAR,2,1,0,-0.7,2,1,0,1.7,2,1,0,0.3
is_away_dog,2017,2017,Miami,MIA,2,5,0,-14.4,2,5,0,-5.9,4,3,0,1.8
is_away_dog,2017,2017,Minnesota,MIN,1,1,0,-6,1,1,0,-0.8,0,2,0,-16.8
is_away_dog,2017,2017,New Orleans,NOR,1,4,0,-0.6,2,3,0,3.2,3,2,0,-3
is_away_dog,2017,2017,NY Giants,NYG,1,6,0,-6.9,4,3,0,-0.1,2,5,0,-7.2
is_away_dog,2017,2017,NY Jets,NYJ,0,6,0,-12.3,1,4,1,-2.6,3,3,0,0.5
is_away_dog,2017,2017,Oakland,OAK,1,5,0,-9.3,2,4,0,-4.4,1,5,0,-8.7
is_away_dog,2017,2017,Philadelphia,PHI,3,1,0,2,3,1,0,4.5,4,0,0,10
is_away_dog,2017,2017,Pittsburgh,PIT,1,0,0,6,1,0,0,9.5,0,1,0,-14
is_away_dog,2017,2017,Seattle,SEA,2,3,0,-1,2,3,0,1.8,2,3,0,-5.5
is_away_dog,2017,2017,San Francisco,SFO,2,4,0,-3.3,5,1,0,4.7,1,5,0,-7.6
is_away_dog,2017,2017,Tampa Bay,TBY,0,5,0,-9.2,1,3,1,-2.5,3,2,0,-0.2
is_away_dog,2017,2017,Tennessee,TEN,1,3,0,-11.2,2,2,0,-3.4,3,1,0,3.9
is_away_dog,2017,2017,Washington,WAS,2,4,0,-4.8,3,3,0,1.5,4,2,0,1.1
is_away_fav,2016,2016,Arizona,ARI,2,2,0,8,2,2,0,3.6,4,0,0,7.6
is_away_fav,2016,2016,Atlanta,ATL,3,0,0,20,3,0,0,16,2,0,1,11.3
is_away_fav,2016,2016,Baltimore,BAL,2,1,0,-3.3,1,2,0,-6.3,1,2,0,-3.2
is_away_fav,2016,2016,Buffalo,BUF,1,2,0,-4,1,2,0,-6.8,2,1,0,3.8
is_away_fav,2016,2016,Carolina,CAR,1,3,0,-4,0,3,1,-6.8,3,1,0,9.2
is_away_fav,2016,2016,Chicago,CHI,0,1,0,-26,0,1,0,-28.5,1,0,0,1
is_away_fav,2016,2016,Cincinnati,CIN,1,2,0,-0.7,1,2,0,-3.2,0,3,0,-7.2
is_away_fav,2016,2016,Dallas,DAL,3,1,0,7.8,2,2,0,4.2,0,4,0,-10.5
is_away_fav,2016,2016,Denver,DEN,2,1,0,7.3,2,1,0,4,0,3,0,-9.2
is_away_fav,2016,2016,Detroit,DET,0,1,0,-3,0,1,0,-6,0,1,0,-17
is_away_fav,2016,2016,Green Bay,GBY,3,2,0,-2.2,2,3,0,-5.4,4,1,0,7.3
is_away_fav,2016,2016,Kansas City,KCY,3,1,0,8.8,3,1,0,6.1,1,3,0,-2.1
is_away_fav,2016,2016,LA Chargers,LAC,1,1,0,2.5,1,1,0,-1,0,2,0,-9.8
is_away_fav,2016,2016,LA Rams,LAR,1,1,0,-12.5,1,1,0,-14.2,0,2,0,-19.5
is_away_fav,2016,2016,Miami,MIA,1,0,0,21,1,0,0,18.5,1,0,0,7
is_away_fav,2016,2016,Minnesota,MIN,2,2,0,-0.8,2,2,0,-3.9,2,2,0,-3.4
is_away_fav,2016,2016,New Orleans,NOR,1,0,0,18,1,0,0,13,1,0,0,11
is_away_fav,2016,2016,New England,NWE,7,0,0,14.1,6,1,0,6.6,2,5,0,-3.6
is_away_fav,2016,2016,NY Giants,NYG,1,0,0,14,1,0,0,7.5,0,1,0,-7
is_away_fav,2016,2016,NY Jets,NYJ,1,0,0,3,1,0,0,0.5,1,0,0,13.5
is_away_fav,2016,2016,Oakland,OAK,2,0,0,5,2,0,0,3,0,2,0,-17.2
is_away_fav,2016,2016,Philadelphia,PHI,0,2,0,-4,0,2,0,-7.2,2,0,0,1.5
is_away_fav,2016,2016,Pittsburgh,PIT,5,3,0,2,5,3,0,-2.6,2,6,0,-5.9
is_away_fav,2016,2016,Seattle,SEA,2,4,0,-6,1,5,0,-10.5,3,3,0,-8.3
is_away_fav,2016,2016,Tennessee,TEN,1,1,0,-7.5,0,2,0,-12.8,2,0,0,8.8
is_away_fav,2016,2016,Washington,WAS,2,1,0,7.3,2,1,0,5.3,2,1,0,0.2
is_away_fav,2017,2017,Arizona,ARI,2,1,0,0.3,1,2,0,-3.7,1,2,0,-4.8
is_away_fav,2017,2017,Atlanta,ATL,5,2,0,1.9,2,5,0,-2.4,3,4,0,-1
is_away_fav,2017,2017,Baltimore,BAL,2,0,0,20,2,0,0,15.5,0,2,0,-10.2
is_away_fav,2017,2017,Buffalo,BUF,1,1,0,-3.5,1,1,0,-6.2,1,1,0,4.8
is_away_fav,2017,2017,Carolina,CAR,2,1,0,4.7,2,1,0,0.5,1,2,0,-5.5
is_away_fav,2017,2017,Cincinnati,CIN,1,0,0,24,1,0,0,21,0,1,0,-3.5
is_away_fav,2017,2017,Dallas,DAL,6,1,0,8.4,5,1,1,4.8,3,4,0,-3.6
is_away_fav,2017,2017,Denver,DEN,1,3,0,-11.2,1,3,0,-13.4,2,2,0,-4.4
is_away_fav,2017,2017,Detroit,DET,2,1,0,2.3,1,1,1,-0.5,2,1,0,4.7
is_away_fav,2017,2017,Green Bay,GBY,1,1,0,-3.5,1,1,0,-6.2,1,1,0,-1.8
is_away_fav,2017,2017,Jacksonville,JAX,2,3,0,4.4,2,3,0,-0.5,3,2,0,5.4
is_away_fav,2017,2017,Kansas City,KCY,2,3,0,2.2,2,3,0,-2.2,3,2,0,6.7
is_away_fav,2017,2017,LA Chargers,LAC,2,0,0,14.5,1,1,0,10.2,0,2,0,-17
is_away_fav,2017,2017,LA Rams,LAR,5,0,0,18.2,3,2,0,13.7,5,0,0,15.1
is_away_fav,2017,2017,Miami,MIA,0,1,0,-14,0,1,0,-19.5,0,1,0,-17
is_away_fav,2017,2017,Minnesota,MIN,4,2,0,-0.7,3,3,0,-4.2,4,2,0,3.9
is_away_fav,2017,2017,New Orleans,NOR,2,1,0,13,2,1,0,9.2,2,1,0,4
is_away_fav,2017,2017,New England,NWE,6,1,0,9.9,5,2,0,3.4,2,5,0,-5.9
is_away_fav,2017,2017,NY Giants,NYG,0,1,0,-10,0,1,0,-13,1,0,0,10.5
is_away_fav,2017,2017,NY Jets,NYJ,1,1,0,-10,1,1,0,-11.2,0,2,0,-14
is_away_fav,2017,2017,Oakland,OAK,1,1,0,-7,0,1,1,-10.2,1,1,0,-5
is_away_fav,2017,2017,Philadelphia,PHI,3,1,0,8,2,2,0,3.2,1,3,0,1.4
is_away_fav,2017,2017,Pittsburgh,PIT,6,1,0,7.6,3,4,0,0.9,1,6,0,-6.1
is_away_fav,2017,2017,Seattle,SEA,3,0,0,11.3,2,0,1,5.7,0,3,0,-6
is_away_fav,2017,2017,San Francisco,SFO,1,1,0,9,1,1,0,5.5,2,0,0,4
is_away_fav,2017,2017,Tampa Bay,TBY,1,1,0,2.5,1,1,0,0.8,2,0,0,15.2
is_away_fav,2017,2017,Tennessee,TEN,3,2,0,-4,2,3,0,-6.9,2,3,0,-3.2
is_away_fav,2017,2017,Washington,WAS,0,2,0,-16,0,2,0,-19,1,1,0,-4
is_conference,2016,2016,Arizona,ARI,6,5,1,4.2,5,7,0,1.5,8,4,0,5.5
is_conference,2016,2016,Atlanta,ATL,11,3,0,11.6,10,4,0,8.7,12,1,1,10
is_conference,2016,2016,Baltimore,BAL,7,5,0,3.4,7,5,0,2.3,5,7,0,-2.6
is_conference,2016,2016,Buffalo,BUF,4,8,0,-2.3,3,9,0,-3.3,8,4,0,2
is_conference,2016,2016,Carolina,CAR,5,7,0,-3.2,4,7,1,-4.5,5,6,1,1.3
is_conference,2016,2016,Chicago,CHI,3,9,0,-8.2,6,6,0,-4.5,6,6,0,-1.5
is_conference,2016,2016,Cincinnati,CIN,5,7,0,0.6,6,6,0,0.1,4,8,0,-6.3
is_conference,2016,2016,Cleveland,CLE,1,11,0,-9.9,4,8,0,-3,7,5,0,0.9
is_conference,2016,2016,Dallas,DAL,9,4,0,4.5,6,7,0,2.2,6,7,0,-0.4
is_conference,2016,2016,Denver,DEN,6,6,0,1.7,6,6,0,0.3,6,6,0,-3
is_conference,2016,2016,Detroit,DET,7,6,0,-2.7,6,7,0,-0.5,5,8,0,-3.6
is_conference,2016,2016,Green Bay,GBY,10,5,0,4.3,9,5,1,2.9,10,5,0,4.6
is_conference,2016,2016,Houston,HOU,8,6,0,-3.1,5,8,1,-1,7,7,0,-3
is_conference,2016,2016,Indianapolis,IND,5,7,0,-1.3,4,7,1,-0.2,6,6,0,-1.1
is_conference,2016,2016,Jacksonville,JAX,2,10,0,-5.2,7,5,0,-2.4,8,4,0,1.6
is_conference,2016,2016,Kansas City,KCY,9,4,0,5.2,7,6,0,2.5,5,8,0,-1.6
is_conference,2016,2016,LA Chargers,LAC,4,8,0,0.3,6,6,0,1,7,5,0,3.8
is_conference,2016,2016,LA Rams,LAR,3,9,0,-11.8,3,8,1,-7.5,6,6,0,-1
is_conference,2016,2016,Miami,MIA,7,6,0,-3.6,6,7,0,-0.9,10,3,0,3.9
is_conference,2016,2016,Minnesota,MIN,5,7,0,1,6,6,0,0.8,4,8,0,-2.5
is_conference,2016,2016,New Orleans,NOR,6,6,0,1.9,9,3,0,1.8,7,5,0,5.1
is_conference,2016,2016,New England,NWE,13,1,0,14.6,12,2,0,7.2,7,7,0,-1.7
is_conference,2016,2016,NY Giants,NYG,8,5,0,-0.6,6,6,1,-0.1,4,9,0,-9.1
is_conference,2016,2016,NY Jets,NYJ,4,8,0,-8.5,5,7,0,-5,6,6,0,1.8
is_conference,2016,2016,Oakland,OAK,9,4,0,1.2,8,5,0,0.7,8,5,0,-0.9
is_conference,2016,2016,Philadelphia,PHI,5,7,0,0.4,5,7,0,0.5,7,5,0,-0.8
is_conference,2016,2016,Pittsburgh,PIT,11,4,0,5.1,9,6,0,1.7,5,10,0,-3.1
is_conference,2016,2016,Seattle,SEA,7,6,1,2.9,6,8,0,-2.9,7,7,0,-4.6
is_conference,2016,2016,San Francisco,SFO,2,10,0,-9.7,4,8,0,-3.2,8,4,0,3.8
is_conference,2016,2016,Tampa Bay,TBY,7,5,0,0.2,7,5,0,2.7,6,6,0,-1.2
is_conference,2016,2016,Tennessee,TEN,6,6,0,-1.4,5,7,0,-1.7,7,5,0,2.1
is_conference,2016,2016,Washington,WAS,6,6,0,1.5,7,5,0,0.1,9,3,0,1.5
is_conference,2017,2017,Arizona,ARI,5,7,0,-5.6,4,7,1,-3.4,4,8,0,-0.8
is_conference,2017,2017,Atlanta,ATL,10,4,0,4.7,8,6,0,2,4,10,0,-6.6
is_conference,2017,2017,Baltimore,BAL,7,5,0,4.7,6,5,1,2.1,6,6,0,2.8
is_conference,2017,2017,Buffalo,BUF,7,6,0,-2.3,8,5,0,-0.2,6,7,0,-3.3
is_conference,2017,2017,Carolina,CAR,7,6,0,-0.8,7,6,0,-1,7,6,0,-2.7
is_conference,2017,2017,Chicago,CHI,1,11,0,-9,4,7,1,-3.8,3,9,0,-6.5
is_conference,2017,2017,Cincinnati,CIN,6,6,0,-1,7,5,0,-1.2,6,6,0,-1.5
is_conference,2017,2017,Cleveland,CLE,0,12,0,-10.2,4,8,0,-3.8,4,8,0,-3.3
is_conference,2017,2017,Dallas,DAL,7,5,0,4.6,7,5,0,2.3,5,7,0,-4.5
is_conference,2017,2017,Denver,DEN,4,8,0,-5.1,3,8,1,-5.2,6,6,0,-2
is_conference,2017,2017,Detroit,DET,8,4,0,4.8,7,4,1,4.8,8,4,0,3.3
is_conference,2017,2017,Green Bay,GBY,5,7,0,-3.9,5,7,0,-2.3,8,4,0,-2.2
is_conference,2017,2017,Houston,HOU,3,9,0,-5.8,5,7,0,-2.2,5,7,0,4.5
is_conference,2017,2017,Indianapolis,IND,3,9,0,-6.3,6,6,0,-1,3,9,0,-3.5
is_conference,2017,2017,Jacksonville,JAX,11,4,0,11.5,10,5,0,10.2,5,10,0,0.2
is_conference,2017,2017,Kansas City,KCY,8,5,0,5.6,8,5,0,2.2,6,7,0,3.8
is_conference,2017,2017,LA Chargers,LAC,6,6,0,3.4,5,6,1,2.1,2,10,0,-6.8
is_conference,2017,2017,LA Rams,LAR,7,6,0,4.5,6,7,0,2.8,8,5,0,4.1
is_conference,2017,2017,Miami,MIA,5,7,0,-5.1,4,6,2,-1.2,6,6,0,-1.2
is_conference,2017,2017,Minnesota,MIN,11,3,0,4.9,8,6,0,2,7,7,0,-2.9
is_conference,2017,2017,New Orleans,NOR,9,5,0,4.9,8,6,0,2.2,8,6,0,0.7
is_conference,2017,2017,New England,NWE,12,2,0,10.9,9,5,0,1.1,6,8,0,-0.6
is_conference,2017,2017,NY Giants,NYG,1,11,0,-12.2,4,8,0,-8.6,5,7,0,-1.4
is_conference,2017,2017,NY Jets,NYJ,5,7,0,-4.5,7,4,1,1.5,5,7,0,-1
is_conference,2017,2017,Oakland,OAK,5,7,0,-4.2,4,7,1,-3.9,5,7,0,-1.8
is_conference,2017,2017,Philadelphia,PHI,12,2,0,11.9,10,4,0,8.4,6,8,0,0.1
is_conference,2017,2017,Pittsburgh,PIT,10,3,0,5.8,5,8,0,0.7,6,7,0,4.8
is_conference,2017,2017,Seattle,SEA,7,5,0,1.2,5,6,1,-1.4,3,9,0,-7.6
is_conference,2017,2017,San Francisco,SFO,3,9,0,-6,7,5,0,-0.4,5,7,0,-2
is_conference,2017,2017,Tampa Bay,TBY,3,9,0,-4.5,4,8,0,-2,6,6,0,-0.8
is_conference,2017,2017,Tennessee,TEN,9,5,0,-2.6,6,7,1,-3.3,7,7,0,-0.5
is_conference,2017,2017,Washington,WAS,5,7,0,-4.4,5,7,0,-4.2,7,5,0,1.2
is_division,2016,2016,Arizona,ARI,4,1,1,8.7,3,3,0,4.1,3,3,0,-0.7
is_division,2016,2016,Atlanta,ATL,5,1,0,9.8,4,2,0,7.8,5,0,1,16.2
is_division,2016,2016,Baltimore,BAL,4,2,0,2.8,5,1,0,1.4,2,4,0,-3
is_division,2016,2016,Buffalo,BUF,1,5,0,-5.3,1,5,0,-5.8,4,2,0,7.5
is_division,2016,2016,Carolina,CAR,1,5,0,-6,1,5,0,-7.3,2,3,1,3.6
is_division,2016,2016,Chicago,CHI,2,4,0,-6.2,4,2,0,-0.7,2,4,0,-3.5
is_division,2016,2016,Cincinnati,CIN,3,3,0,4.5,3,3,0,3.9,1,5,0,-4.9
is_division,2016,2016,Cleveland,CLE,0,6,0,-11.8,1,5,0,-5.4,3,3,0,-2.8
is_division,2016,2016,Dallas,DAL,3,3,0,-0.5,2,4,0,-1.3,3,3,0,-4.6
is_division,2016,2016,Denver,DEN,2,4,0,-3,2,4,0,-4.1,4,2,0,1.8
is_division,2016,2016,Detroit,DET,3,3,0,-0.8,2,4,0,-0.6,2,4,0,-3.5
is_division,2016,2016,Green Bay,GBY,5,1,0,7.2,4,2,0,2.3,4,2,0,5.2
is_division,2016,2016,Houston,HOU,5,1,0,2,3,2,1,2.3,4,2,0,0.7
is_division,2016,2016,Indianapolis,IND,3,3,0,1.3,2,3,1,0.2,3,3,0,-0.6
is_division,2016,2016,Jacksonville,JAX,2,4,0,0.3,4,2,0,2.3,5,1,0,5.8
is_division,2016,2016,Kansas City,KCY,6,0,0,11,5,1,0,8.2,4,2,0,5.5
is_division,2016,2016,LA Chargers,LAC,1,5,0,-3.7,3,3,0,0.4,4,2,0,4.4
is_division,2016,2016,LA Rams,LAR,2,4,0,-13,2,4,0,-8.2,2,4,0,-8.8
is_division,2016,2016,Miami,MIA,4,2,0,0.5,4,2,0,2.8,6,0,0,9.1
is_division,2016,2016,Minnesota,MIN,2,4,0,-0.2,2,4,0,-1.1,2,4,0,-2.8
is_division,2016,2016,New Orleans,NOR,2,4,0,-2.8,4,2,0,-1.2,4,2,0,4.6
is_division,2016,2016,New England,NWE,5,1,0,11.8,4,2,0,3.9,3,3,0,-0.3
is_division,2016,2016,NY Giants,NYG,4,2,0,1.8,4,2,0,3.2,3,3,0,-6.5
is_division,2016,2016,NY Jets,NYJ,2,4,0,-7,3,3,0,-1,3,3,0,4.4
is_division,2016,2016,Oakland,OAK,3,3,0,-4.3,2,4,0,-4.6,2,4,0,-4.5
is_division,2016,2016,Philadelphia,PHI,2,4,0,-0.7,2,4,0,-0.8,5,1,0,2.6
is_division,2016,2016,Pittsburgh,PIT,5,1,0,4.5,3,3,0,0.1,2,4,0,-2
is_division,2016,2016,Seattle,SEA,3,2,1,5.5,3,3,0,-2.7,3,3,0,-5.3
is_division,2016,2016,San Francisco,SFO,2,4,0,-1.2,4,2,0,6.8,4,2,0,2.1
is_division,2016,2016,Tampa Bay,TBY,4,2,0,-1,3,3,0,0.8,3,3,0,-3.2
is_division,2016,2016,Tennessee,TEN,2,4,0,-3.7,2,4,0,-4.8,4,2,0,5.2
is_division,2016,2016,Washington,WAS,3,3,0,-0.7,4,2,0,-1.1,5,1,0,0
is_division,2017,2017,Arizona,ARI,3,3,0,-6.7,2,3,1,-4,2,4,0,-2.8
is_division,2017,2017,Atlanta,ATL,4,2,0,3.2,3,3,0,-0.6,1,5,0,-7.6
is_division,2017,2017,Baltimore,BAL,3,3,0,4.8,4,2,0,3.2,2,4,0,2.2
is_division,2017,2017,Buffalo,BUF,3,3,0,-5.2,3,3,0,-4.8,3,3,0,-2.7
is_division,2017,2017,Carolina,CAR,3,4,0,-4,3,4,0,-3.1,3,4,0,-5
is_division,2017,2017,Chicago,CHI,0,6,0,-9.5,2,3,1,-4.8,3,3,0,-1.1
is_division,2017,2017,Cincinnati,CIN,3,3,0,0.7,4,2,0,1.2,4,2,0,0.6
is_division,2017,2017,Cleveland,CLE,0,6,0,-12.7,2,4,0,-6.1,2,4,0,-0.2
is_division,2017,2017,Dallas,DAL,5,1,0,8.7,5,1,0,7.2,2,4,0,-8.8
is_division,2017,2017,Denver,DEN,2,4,0,-5.3,1,4,1,-5.3,3,3,0,-3.5
is_division,2017,2017,Detroit,DET,5,1,0,8.3,4,1,1,6.2,4,2,0,-2.1
is_division,2017,2017,Green Bay,GBY,2,4,0,-6.3,2,4,0,-4.2,4,2,0,-4.2
is_division,2017,2017,Houston,HOU,1,5,0,-7.2,1,5,0,-4.8,2,4,0,2.7
is_division,2017,2017,Indianapolis,IND,2,4,0,-8.3,2,4,0,-4.4,1,5,0,-5.2
is_division,2017,2017,Jacksonville,JAX,4,2,0,13.5,4,2,0,11.1,2,4,0,-1.3
is_division,2017,2017,Kansas City,KCY,5,1,0,9,5,1,0,6.4,3,3,0,1.5
is_division,2017,2017,LA Chargers,LAC,3,3,0,1.3,3,2,1,2,1,5,0,-8.8
is_division,2017,2017,LA Rams,LAR,4,2,0,9.8,3,3,0,8.1,4,2,0,2.5
is_division,2017,2017,Miami,MIA,2,4,0,-6,1,4,1,-1.8,3,3,0,0.2
is_division,2017,2017,Minnesota,MIN,5,1,0,7.5,3,3,0,2.9,1,5,0,-10.4
is_division,2017,2017,New Orleans,NOR,5,2,0,8,4,3,0,4.8,4,3,0,-3.5
is_division,2017,2017,New England,NWE,5,1,0,13.2,4,2,0,1.2,2,4,0,-5.7
is_division,2017,2017,NY Giants,NYG,1,5,0,-7.7,3,3,0,-2,2,4,0,-3.8
is_division,2017,2017,NY Jets,NYJ,2,4,0,-2,3,2,1,5.4,2,4,0,-2.2
is_division,2017,2017,Oakland,OAK,2,4,0,-5,2,4,0,-3.1,1,5,0,-5.9
is_division,2017,2017,Philadelphia,PHI,5,1,0,8.8,3,3,0,5.2,3,3,0,0.1
is_division,2017,2017,Pittsburgh,PIT,6,0,0,7.2,2,4,0,1.7,4,2,0,6
is_division,2017,2017,Seattle,SEA,4,2,0,-1.8,2,3,1,-7.1,2,4,0,-6.4
is_division,2017,2017,San Francisco,SFO,1,5,0,-1.3,4,2,0,3,2,4,0,-1
is_division,2017,2017,Tampa Bay,TBY,1,5,0,-7.8,3,3,0,-1.3,2,4,0,-6.2
is_division,2017,2017,Tennessee,TEN,5,1,0,2,5,1,0,-1.8,3,3,0,3.3
is_division,2017,2017,Washington,WAS,1,5,0,-9.8,1,5,0,-10.3,3,3,0,-1.6
is_dog,2016,2016,Arizona,ARI,1,3,0,-8,1,3,0,-3.8,4,0,0,12.1
is_dog,2016,2016,Atlanta,ATL,4,3,0,3.6,5,2,0,7.1,5,2,0,9.3
is_dog,2016,2016,Baltimore,BAL,1,5,0,-4.3,2,4,0,0.2,3,3,0,2.5
is_dog,2016,2016,Buffalo,BUF,3,5,0,-1.8,3,5,0,1.9,5,3,0,-2.6
is_dog,2016,2016,Carolina,CAR,1,4,0,-8.6,3,2,0,-3.6,2,2,1,0.2
is_dog,2016,2016,Chicago,CHI,2,10,0,-8.2,6,6,0,-2.7,6,6,0,-0.2
is_dog,2016,2016,Cincinnati,CIN,2,5,0,-2.7,3,4,0,0.6,2,5,0,-5
is_dog,2016,2016,Cleveland,CLE,1,15,0,-11.8,4,12,0,-5,8,8,0,0
is_dog,2016,2016,Dallas,DAL,4,1,0,4.6,4,1,0,8.7,2,3,0,1.7
is_dog,2016,2016,Denver,DEN,3,4,0,-4.9,3,4,0,-2.1,4,3,0,-4.6
is_dog,2016,2016,Detroit,DET,5,6,0,-4,5,6,0,0.3,5,6,0,-1.5
is_dog,2016,2016,Green Bay,GBY,3,3,0,0.5,4,2,0,4.7,5,1,0,7.3
is_dog,2016,2016,Houston,HOU,3,7,0,-6.9,3,7,0,-0.9,4,6,0,-3
is_dog,2016,2016,Indianapolis,IND,4,6,0,0.7,4,5,1,4.9,7,3,0,1.6
is_dog,2016,2016,Jacksonville,JAX,2,11,0,-5,7,6,0,-0.8,7,6,0,-0.3
is_dog,2016,2016,Kansas City,KCY,3,1,0,-5.5,3,1,0,-1.9,3,1,0,6.5
is_dog,2016,2016,LA Chargers,LAC,2,7,0,-3.9,4,5,0,-0.4,5,4,0,3.2
is_dog,2016,2016,LA Rams,LAR,3,9,0,-11.7,3,8,1,-5.3,6,6,0,-0.1
is_dog,2016,2016,Miami,MIA,6,6,0,-5,7,5,0,0.6,7,5,0,-0.6
is_dog,2016,2016,Minnesota,MIN,2,4,0,-1.5,3,3,0,1.9,2,4,0,-3
is_dog,2016,2016,New Orleans,NOR,4,5,0,-0.8,7,1,1,2.8,4,5,0,2.8
is_dog,2016,2016,New England,NWE,1,0,0,2,1,0,0,11,0,1,0,-0.5
is_dog,2016,2016,NY Giants,NYG,4,5,0,-5.2,4,4,1,-1,2,7,0,-10.1
is_dog,2016,2016,NY Jets,NYJ,3,9,0,-9.4,4,8,0,-4.3,4,8,0,-2.9
is_dog,2016,2016,Oakland,OAK,4,4,0,-3.8,4,4,0,-1.4,5,3,0,0.9
is_dog,2016,2016,Philadelphia,PHI,3,6,0,1.2,4,5,0,4.8,6,3,0,1.6
is_dog,2016,2016,Pittsburgh,PIT,1,2,0,-9.3,1,2,0,-4.2,1,2,0,-4.7
is_dog,2016,2016,Seattle,SEA,1,1,1,-3,2,1,0,2.5,2,1,0,-6.8
is_dog,2016,2016,San Francisco,SFO,2,11,0,-9.8,4,8,1,-1.8,9,4,0,5.7
is_dog,2016,2016,Tampa Bay,TBY,7,5,0,-0.8,8,4,0,3.6,5,6,1,-2.1
is_dog,2016,2016,Tennessee,TEN,4,5,0,0,4,5,0,3.6,5,4,0,0.9
is_dog,2016,2016,Washington,WAS,3,3,1,-2.9,5,2,0,0.6,6,1,0,1.7
is_dog,2017,2017,Arizona,ARI,4,7,0,-8.5,4,6,1,-3.8,5,6,0,1.9
is_dog,2017,2017,Atlanta,ATL,1,2,0,-4.3,1,2,0,0.7,0,3,0,-17.2
is_dog,2017,2017,Baltimore,BAL,2,4,0,0.7,3,2,1,4.5,4,2,0,2.8
is_dog,2017,2017,Buffalo,BUF,3,7,0,-10.3,5,5,0,-3.8,4,6,0,-6
is_dog,2017,2017,Carolina,CAR,5,3,0,0.4,6,2,0,4.8,5,3,0,1.1
is_dog,2017,2017,Chicago,CHI,4,9,0,-5,7,5,1,1.8,3,10,0,-4.6
is_dog,2017,2017,Cincinnati,CIN,3,6,0,-5.8,6,3,0,0,5,4,0,2
is_dog,2017,2017,Cleveland,CLE,0,16,0,-11,4,12,0,-4.4,7,9,0,-0.9
is_dog,2017,2017,Dallas,DAL,1,3,0,-11.5,1,3,0,-8.5,1,3,0,-6.1
is_dog,2017,2017,Denver,DEN,2,5,0,-5.4,2,5,0,-1,4,3,0,5.9
is_dog,2017,2017,Detroit,DET,3,5,0,-2.6,3,5,0,0.5,5,3,0,5.3
is_dog,2017,2017,Green Bay,GBY,2,8,0,-9.5,3,7,0,-4.3,7,3,0,0.6
is_dog,2017,2017,Houston,HOU,2,9,0,-7.8,5,6,0,-0.6,5,6,0,8.3
is_dog,2017,2017,Indianapolis,IND,2,12,0,-10.9,6,8,0,-4.2,5,9,0,-1.9
is_dog,2017,2017,Jacksonville,JAX,4,3,0,7.6,5,2,0,12.4,3,4,0,7.1
is_dog,2017,2017,Kansas City,KCY,2,1,0,2.3,2,1,0,6.8,2,1,0,9
is_dog,2017,2017,LA Chargers,LAC,3,5,0,-2.2,4,3,1,0.9,2,6,0,-8.1
is_dog,2017,2017,LA Rams,LAR,2,2,0,-5.8,2,2,0,-2.5,3,1,0,0.9
is_dog,2017,2017,Miami,MIA,4,9,0,-8.2,4,8,1,-1.9,7,6,0,-0.6
is_dog,2017,2017,Minnesota,MIN,2,1,0,0.3,2,1,0,4.8,0,3,0,-15.5
is_dog,2017,2017,New Orleans,NOR,1,5,0,-3.2,2,4,0,0.9,4,2,0,-2.3
is_dog,2017,2017,NY Giants,NYG,3,10,0,-8.7,7,6,0,-2.3,4,9,0,-3.8
is_dog,2017,2017,NY Jets,NYJ,4,10,0,-4.6,8,5,1,2.8,8,6,0,1.7
is_dog,2017,2017,Oakland,OAK,2,7,0,-9.2,3,5,1,-4.5,2,7,0,-6.7
is_dog,2017,2017,Philadelphia,PHI,6,2,0,5.8,6,2,0,8.7,6,2,0,2.7
is_dog,2017,2017,Pittsburgh,PIT,1,1,0,1.5,1,1,0,4.5,0,2,0,-7.8
is_dog,2017,2017,Seattle,SEA,3,5,0,-3.6,3,5,0,-1.2,4,4,0,-2.4
is_dog,2017,2017,San Francisco,SFO,4,9,0,-5.5,8,5,0,0.5,5,8,0,0.3
is_dog,2017,2017,Tampa Bay,TBY,1,7,0,-5.9,3,4,1,0.4,4,4,0,-2.6
is_dog,2017,2017,Tennessee,TEN,1,4,0,-9.8,3,2,0,-2.4,4,1,0,3.9
is_dog,2017,2017,Washington,WAS,3,7,0,-4.7,4,6,0,0.1,6,4,0,1.8
is_fav,2016,2016,Arizona,ARI,6,5,1,7.3,5,7,0,1.2,6,6,0,0.9
is_fav,2016,2016,Atlanta,ATL,9,3,0,11.8,7,5,0,6.5,11,0,1,8.9
is_fav,2016,2016,Baltimore,BAL,7,3,0,4.8,5,5,0,0.9,4,6,0,-4.6
is_fav,2016,2016,Buffalo,BUF,4,4,0,4.4,3,5,0,-0.7,7,1,0,10.6
is_fav,2016,2016,Carolina,CAR,5,6,0,0.9,3,7,1,-3.2,5,6,0,2
is_fav,2016,2016,Chicago,CHI,0,3,0,-14,0,3,0,-16.7,2,1,0,-3.8
is_fav,2016,2016,Cincinnati,CIN,4,4,1,3.2,4,5,0,-0.9,4,5,0,-4.9
is_fav,2016,2016,Dallas,DAL,9,3,0,7.4,6,6,0,2.6,5,7,0,-0.7
is_fav,2016,2016,Denver,DEN,6,3,0,7.8,6,3,0,3.8,3,6,0,-2.2
is_fav,2016,2016,Detroit,DET,4,2,0,2,3,3,0,-2.4,1,5,0,-6.5
is_fav,2016,2016,Green Bay,GBY,9,4,0,3.5,7,5,1,-1.6,8,5,0,3.5
is_fav,2016,2016,Houston,HOU,7,0,0,6,4,2,1,2.6,4,3,0,-3.7
is_fav,2016,2016,Indianapolis,IND,4,2,0,2,3,3,0,-1.8,2,4,0,-0.2
is_fav,2016,2016,Jacksonville,JAX,1,2,0,-5.7,1,2,0,-7.7,3,0,0,4.5
is_fav,2016,2016,Kansas City,KCY,9,4,0,7.5,6,6,1,3.3,3,10,0,-4.5
is_fav,2016,2016,LA Chargers,LAC,3,4,0,3.1,3,4,0,-0.4,4,2,1,5.3
is_fav,2016,2016,LA Rams,LAR,1,3,0,-7.5,1,3,0,-10.1,1,3,0,-12.6
is_fav,2016,2016,Miami,MIA,4,1,0,5,2,2,1,-0.1,5,0,0,7.4
is_fav,2016,2016,Minnesota,MIN,6,4,0,2.9,6,4,0,-1.1,5,5,0,-0.8
is_fav,2016,2016,New Orleans,NOR,3,4,0,3.1,3,4,0,-1.1,5,2,0,9.4
is_fav,2016,2016,New England,NWE,15,2,0,12.1,14,3,0,4,9,8,0,-0.9
is_fav,2016,2016,NY Giants,NYG,7,1,0,6,5,3,0,1.8,3,5,0,-5.9
is_fav,2016,2016,NY Jets,NYJ,2,2,0,-5.2,2,2,0,-6.9,3,1,0,4.6
is_fav,2016,2016,Oakland,OAK,8,1,0,5.3,6,3,0,2.1,7,2,0,4.5
is_fav,2016,2016,Philadelphia,PHI,4,3,0,3.6,4,3,0,0.1,3,4,0,-2.8
is_fav,2016,2016,Pittsburgh,PIT,12,4,0,6.3,10,6,0,1.2,6,10,0,-2.1
is_fav,2016,2016,Seattle,SEA,10,5,0,5,7,8,0,-2.1,8,7,0,-2.9
is_fav,2016,2016,San Francisco,SFO,0,2,0,-11.5,0,2,0,-13.5,1,1,0,1.8
is_fav,2016,2016,Tampa Bay,TBY,2,2,0,-1.2,1,3,0,-3.8,2,2,0,-0.5
is_fav,2016,2016,Tennessee,TEN,5,2,0,0.4,3,4,0,-3.9,5,2,0,4.4
is_fav,2016,2016,Washington,WAS,5,4,0,3.7,5,4,0,-0.6,6,3,0,0.1
is_fav,2017,2017,Arizona,ARI,4,1,0,5.4,2,3,0,1.2,1,4,0,-8.1
is_fav,2017,2017,Atlanta,ATL,10,5,0,3.9,7,8,0,-1.3,5,10,0,-5.5
is_fav,2017,2017,Baltimore,BAL,7,3,0,8.8,5,5,0,2.9,5,5,0,3.7
is_fav,2017,2017,Buffalo,BUF,6,1,0,5.6,5,1,1,2.1,4,3,0,-0.6
is_fav,2017,2017,Carolina,CAR,6,3,0,3.1,4,5,0,-2.3,5,4,0,-1.1
is_fav,2017,2017,Chicago,CHI,1,2,0,3,1,2,0,-1.2,1,2,0,-8.5
is_fav,2017,2017,Cincinnati,CIN,4,3,0,-1,3,4,0,-6.4,2,5,0,-4.9
is_fav,2017,2017,Dallas,DAL,8,4,0,5.7,7,4,1,1.8,5,7,0,-3.6
is_fav,2017,2017,Denver,DEN,3,6,0,-6.1,2,6,1,-9.9,4,5,0,-2.6
is_fav,2017,2017,Detroit,DET,5,2,0,7.4,4,2,1,2.6,5,2,0,4.4
is_fav,2017,2017,Green Bay,GBY,5,1,0,5.2,4,2,0,0.9,4,2,0,-2.9
is_fav,2017,2017,Houston,HOU,2,3,0,-2.4,2,3,0,-6.9,2,3,0,0.3
is_fav,2017,2017,Indianapolis,IND,2,0,0,6,2,0,0,2.8,1,1,0,5.2
is_fav,2017,2017,Jacksonville,JAX,8,4,0,8.5,6,6,0,2.8,6,6,0,1.3
is_fav,2017,2017,Kansas City,KCY,8,6,0,4.9,8,6,0,-0.6,6,8,0,-0.6
is_fav,2017,2017,LA Chargers,LAC,6,2,0,12.6,4,4,0,6.7,2,6,0,-3.5
is_fav,2017,2017,LA Rams,LAR,9,4,0,12.2,7,6,0,7.9,8,5,0,5
is_fav,2017,2017,Miami,MIA,1,1,0,-5.5,0,1,1,-9.8,1,1,0,1
is_fav,2017,2017,Minnesota,MIN,11,3,0,6.1,8,6,0,0.8,8,6,0,-0
is_fav,2017,2017,New Orleans,NOR,11,1,0,11.8,8,4,0,5.1,7,5,0,0.4
is_fav,2017,2017,New England,NWE,15,4,0,9.4,12,7,0,0.8,9,10,0,-0.8
is_fav,2017,2017,NY Giants,NYG,0,3,0,-9.7,0,3,0,-12.7,2,1,0,2
is_fav,2017,2017,NY Jets,NYJ,1,1,0,-10,1,1,0,-11.2,0,2,0,-14
is_fav,2017,2017,Oakland,OAK,4,3,0,1.6,2,4,1,-4.1,3,4,0,-0.9
is_fav,2017,2017,Philadelphia,PHI,10,1,0,14.5,7,4,0,7.4,4,7,0,2.1
is_fav,2017,2017,Pittsburgh,PIT,12,3,0,6.1,6,9,0,-0.9,7,8,0,4.9
is_fav,2017,2017,Seattle,SEA,6,2,0,7.9,3,4,1,-0.2,3,5,0,2
is_fav,2017,2017,San Francisco,SFO,2,1,0,6.7,1,2,0,3.5,3,0,0,3.8
is_fav,2017,2017,Tampa Bay,TBY,4,2,0,3.3,3,3,0,0.8,3,3,0,-3.4
is_fav,2017,2017,Tennessee,TEN,9,3,0,1.1,6,5,1,-2.5,6,6,0,-0.7
is_fav,2017,2017,Washington,WAS,4,2,0,0.2,3,3,0,-5.2,2,4,0,-4.1
is_home,2016,2016,Arizona,ARI,4,3,1,7,3,5,0,0.1,2,6,0,-2.5
is_home,2016,2016,Atlanta,ATL,7,3,0,9.7,5,5,0,4.7,10,0,0,10.5
is_home,2016,2016,Baltimore,BAL,6,2,0,8.1,5,3,0,4.8,3,5,0,-5.9
is_home,2016,2016,Buffalo,BUF,4,4,0,4.9,3,5,0,2.3,8,0,0,11.9
is_home,2016,2016,Carolina,CAR,4,4,0,1.1,3,5,0,-2.8,2,5,1,-1.8
is_home,2016,2016,Chicago,CHI,3,5,0,-1.5,5,3,0,0.5,4,4,0,-1.8
is_home,2016,2016,Cincinnati,CIN,4,3,0,6.3,4,3,0,3.2,3,4,0,-4.6
is_home,2016,2016,Cleveland,CLE,1,7,0,-11.5,1,7,0,-5.7,2,6,0,-3.2
is_home,2016,2016,Dallas,DAL,7,2,0,8,5,4,0,3.4,5,4,0,3.3
is_home,2016,2016,Denver,DEN,5,3,0,4.5,5,3,0,2,4,4,0,-2
is_home,2016,2016,Detroit,DET,6,2,0,1.5,5,3,0,-0.4,3,5,0,-3.6
is_home,2016,2016,Green Bay,GBY,7,2,0,9.4,6,2,1,4.2,5,4,0,1.2
is_home,2016,2016,Houston,HOU,8,1,0,4.6,5,3,1,2.3,4,5,0,-5.3
is_home,2016,2016,Indianapolis,IND,4,4,0,-3.1,3,5,0,-4.6,2,6,0,-2.9
is_home,2016,2016,Jacksonville,JAX,1,6,0,-3.4,2,5,0,-1.8,5,2,0,0.6
is_home,2016,2016,Kansas City,KCY,6,3,0,7,3,5,1,2,2,7,0,-5.6
is_home,2016,2016,LA Chargers,LAC,3,5,0,1.5,3,5,0,0.7,5,2,1,6.4
is_home,2016,2016,LA Rams,LAR,1,6,0,-11.3,1,5,1,-9.1,4,3,0,-4.1
is_home,2016,2016,Miami,MIA,6,2,0,0.5,4,3,1,0.1,7,1,0,4.9
is_home,2016,2016,Minnesota,MIN,5,3,0,4.1,6,2,0,1.2,3,5,0,-1.3
is_home,2016,2016,New Orleans,NOR,4,4,0,1.5,4,4,0,-1.2,5,3,0,9.4
is_home,2016,2016,New England,NWE,8,2,0,12.7,8,2,0,4.5,6,4,0,-0.7
is_home,2016,2016,NY Giants,NYG,7,1,0,3.9,5,3,0,1.4,3,5,0,-7.7
is_home,2016,2016,NY Jets,NYJ,2,6,0,-5.4,3,5,0,-3.8,4,4,0,-2.5
is_home,2016,2016,Oakland,OAK,5,2,0,2.1,3,4,0,-0.4,6,1,0,9
is_home,2016,2016,Philadelphia,PHI,6,2,0,8.8,6,2,0,7.5,2,6,0,-4.9
is_home,2016,2016,Pittsburgh,PIT,7,2,0,8.2,5,4,0,4,4,5,0,0.8
is_home,2016,2016,Seattle,SEA,8,1,0,12.3,6,3,0,3.4,5,4,0,0.7
is_home,2016,2016,San Francisco,SFO,1,7,0,-5.9,2,6,0,-2.1,4,4,0,0.8
is_home,2016,2016,Tampa Bay,TBY,4,4,0,-0.6,3,5,0,0.1,4,4,0,-1.9
is_home,2016,2016,Tennessee,TEN,5,3,0,3,4,4,0,1.4,5,3,0,2.2
is_home,2016,2016,Washington,WAS,4,4,0,-0.5,4,4,0,-3.9,6,2,0,0.9
is_home,2017,2017,Arizona,ARI,5,3,0,0.8,4,3,1,3.1,3,5,0,-1.2
is_home,2017,2017,Atlanta,ATL,5,3,0,5.8,5,3,0,-0.4,2,6,0,-9.4
is_home,2017,2017,Baltimore,BAL,5,3,0,8.5,3,5,0,3,4,4,0,4.7
is_home,2017,2017,Buffalo,BUF,6,2,0,-0.1,5,2,1,-0.9,5,3,0,-3.2
is_home,2017,2017,Carolina,CAR,6,2,0,3,4,4,0,-0.8,5,3,0,2.1
is_home,2017,2017,Chicago,CHI,3,5,0,2.1,5,2,1,3.4,2,6,0,-6.3
is_home,2017,2017,Cincinnati,CIN,4,4,0,-3.1,4,4,0,-6.6,3,5,0,-3.9
is_home,2017,2017,Cleveland,CLE,0,7,0,-9.7,2,5,0,-4.5,1,6,0,-7.1
is_home,2017,2017,Dallas,DAL,3,5,0,-2.1,3,5,0,-3.6,3,5,0,-3.5
is_home,2017,2017,Denver,DEN,4,4,0,1.6,3,4,1,-0.2,4,4,0,0.4
is_home,2017,2017,Detroit,DET,4,4,0,5.1,4,4,0,3.4,6,2,0,3.6
is_home,2017,2017,Green Bay,GBY,4,4,0,-2.9,3,5,0,-3.2,4,4,0,-6.6
is_home,2017,2017,Houston,HOU,3,5,0,-0.6,3,5,0,-1.9,4,4,0,6.9
is_home,2017,2017,Indianapolis,IND,3,5,0,-4.2,5,3,0,-1.6,2,6,0,-4.5
is_home,2017,2017,Jacksonville,JAX,6,2,0,7.4,4,4,0,2.1,4,4,0,0
is_home,2017,2017,Kansas City,KCY,6,3,0,6.3,6,3,0,0.3,3,6,0,-4.6
is_home,2017,2017,LA Chargers,LAC,5,3,0,9.9,4,4,0,5.5,2,6,0,-3.4
is_home,2017,2017,LA Rams,LAR,3,5,0,1.8,3,5,0,-1.3,4,4,0,0.5
is_home,2017,2017,Miami,MIA,4,3,0,3.3,3,2,2,5.4,4,3,0,2.1
is_home,2017,2017,Minnesota,MIN,8,1,0,11.4,6,3,0,7,4,5,0,-4.2
is_home,2017,2017,New Orleans,NOR,8,1,0,7.3,5,4,0,0.8,6,3,0,2.8
is_home,2017,2017,New England,NWE,8,2,0,9.3,6,4,0,-1.3,6,4,0,1.5
is_home,2017,2017,NY Giants,NYG,2,6,0,-10.5,3,5,0,-6.8,3,5,0,-0.4
is_home,2017,2017,NY Jets,NYJ,4,4,0,1.2,7,1,0,6.9,5,3,0,2.6
is_home,2017,2017,Oakland,OAK,4,3,0,3.3,3,3,1,-0.6,3,4,0,1.4
is_home,2017,2017,Philadelphia,PHI,9,1,0,15.8,7,3,0,10.7,4,6,0,-2.6
is_home,2017,2017,Pittsburgh,PIT,6,3,0,4,3,6,0,-2.3,6,3,0,12.7
is_home,2017,2017,Seattle,SEA,4,4,0,0.6,2,6,0,-4.7,5,3,0,5.2
is_home,2017,2017,San Francisco,SFO,3,5,0,-6.2,3,5,0,-2.8,5,3,0,6.6
is_home,2017,2017,Tampa Bay,TBY,4,4,0,1.4,4,4,0,1.9,2,6,0,-9.2
is_home,2017,2017,Tennessee,TEN,6,2,0,3.6,5,2,1,0.8,5,3,0,1.4
is_home,2017,2017,Washington,WAS,5,3,0,1.9,4,4,0,-0.2,3,5,0,-0.6
is_home_dog,2016,2016,Atlanta,ATL,1,0,0,15,1,0,0,17.5,1,0,0,32.5
is_home_dog,2016,2016,Baltimore,BAL,1,0,0,7,1,0,0,10.5,0,1,0,-11
is_home_dog,2016,2016,Buffalo,BUF,1,2,0,-2.7,1,2,0,1.2,3,0,0,7.5
is_home_dog,2016,2016,Carolina,CAR,0,1,0,-17,0,1,0,-14,0,0,1,0
is_home_dog,2016,2016,Chicago,CHI,2,3,0,-3.2,4,1,0,1.1,3,2,0,2
is_home_dog,2016,2016,Cincinnati,CIN,1,1,0,6.5,1,1,0,9.2,0,2,0,-2.5
is_home_dog,2016,2016,Cleveland,CLE,1,7,0,-11.5,1,7,0,-5.7,2,6,0,-3.2
is_home_dog,2016,2016,Dallas,DAL,1,0,0,14,1,0,0,16.5,0,1,0,-4
is_home_dog,2016,2016,Denver,DEN,1,1,0,-6,1,1,0,-3,1,1,0,-11.8
is_home_dog,2016,2016,Detroit,DET,2,1,0,-1,2,1,0,1.7,2,1,0,-2.3
is_home_dog,2016,2016,Green Bay,GBY,1,0,0,28,1,0,0,31,1,0,0,1
is_home_dog,2016,2016,Houston,HOU,1,1,0,-0.5,1,1,0,1.2,0,2,0,-11
is_home_dog,2016,2016,Indianapolis,IND,0,2,0,-18.5,0,2,0,-13,0,2,0,-10.8
is_home_dog,2016,2016,Jacksonville,JAX,1,4,0,-0.8,2,3,0,2.5,3,2,0,-0.1
is_home_dog,2016,2016,LA Chargers,LAC,1,2,0,-1.7,1,2,0,2,1,2,0,-1.8
is_home_dog,2016,2016,LA Rams,LAR,1,4,0,-14.8,1,3,1,-10.3,3,2,0,-3.4
is_home_dog,2016,2016,Miami,MIA,3,1,0,0,3,1,0,4.9,3,1,0,2.4
is_home_dog,2016,2016,Minnesota,MIN,1,1,0,0.5,2,0,0,2.5,0,2,0,-8.2
is_home_dog,2016,2016,New Orleans,NOR,2,0,0,4,2,0,0,5.8,1,1,0,10.2
is_home_dog,2016,2016,NY Giants,NYG,2,0,0,2,2,0,0,4.2,0,2,0,-19.2
is_home_dog,2016,2016,NY Jets,NYJ,1,4,0,-3.8,2,3,0,-0.5,2,3,0,-5
is_home_dog,2016,2016,Oakland,OAK,0,1,0,-16,0,1,0,-15,0,1,0,-10.5
is_home_dog,2016,2016,Philadelphia,PHI,2,1,0,12.3,2,1,0,15,1,2,0,-5.7
is_home_dog,2016,2016,Pittsburgh,PIT,0,1,0,-11,0,1,0,-3.5,0,1,0,-6
is_home_dog,2016,2016,San Francisco,SFO,1,5,0,-4,2,4,0,1.7,3,3,0,0.4
is_home_dog,2016,2016,Tampa Bay,TBY,2,2,0,0,2,2,0,3.9,2,2,0,-3.2
is_home_dog,2016,2016,Tennessee,TEN,1,2,0,2,1,2,0,4.3,2,1,0,1.5
is_home_dog,2016,2016,Washington,WAS,1,1,0,-7.5,1,1,0,-4.8,2,0,0,3.5
is_home_dog,2017,2017,Arizona,ARI,3,3,0,-3.3,3,2,1,1.2,3,3,0,2.8
is_home_dog,2017,2017,Baltimore,BAL,0,1,0,-17,0,1,0,-13.5,0,1,0,-7
is_home_dog,2017,2017,Buffalo,BUF,1,2,0,-15.7,1,2,0,-11.3,2,1,0,-4
is_home_dog,2017,2017,Carolina,CAR,2,0,0,5,2,0,0,7.8,1,1,0,4.8
is_home_dog,2017,2017,Chicago,CHI,2,3,0,1.6,4,0,1,6.1,1,4,0,-5
is_home_dog,2017,2017,Cincinnati,CIN,1,1,0,3,2,0,0,6.8,1,1,0,0
is_home_dog,2017,2017,Cleveland,CLE,0,7,0,-9.7,2,5,0,-4.5,1,6,0,-7.1
is_home_dog,2017,2017,Dallas,DAL,1,2,0,-8.7,1,2,0,-5.8,1,2,0,-3.2
is_home_dog,2017,2017,Denver,DEN,2,1,0,7.7,2,1,0,11.2,2,1,0,3.2
is_home_dog,2017,2017,Detroit,DET,1,3,0,-1,1,3,0,1.8,3,1,0,3
is_home_dog,2017,2017,Green Bay,GBY,0,4,0,-15.2,0,4,0,-11,1,3,0,-9.6
is_home_dog,2017,2017,Houston,HOU,1,2,0,2.3,1,2,0,6.5,2,1,0,17.8
is_home_dog,2017,2017,Indianapolis,IND,1,5,0,-7.7,3,3,0,-3.1,1,5,0,-7.8
is_home_dog,2017,2017,Jacksonville,JAX,0,1,0,-21,0,1,0,-20,1,0,0,11
is_home_dog,2017,2017,LA Chargers,LAC,1,1,0,3.5,1,1,0,5.5,0,2,0,-16.8
is_home_dog,2017,2017,LA Rams,LAR,0,1,0,-21,0,1,0,-15,1,0,0,2.5
is_home_dog,2017,2017,Miami,MIA,2,3,0,2.8,2,2,1,6.4,3,2,0,2.2
is_home_dog,2017,2017,Minnesota,MIN,1,0,0,13,1,0,0,16,0,1,0,-13
is_home_dog,2017,2017,New Orleans,NOR,0,1,0,-16,0,1,0,-10.5,1,0,0,1
is_home_dog,2017,2017,NY Giants,NYG,2,4,0,-10.8,3,3,0,-4.9,2,4,0,0.2
is_home_dog,2017,2017,NY Jets,NYJ,4,4,0,1.2,7,1,0,6.9,5,3,0,2.6
is_home_dog,2017,2017,Oakland,OAK,1,1,0,-1,1,0,1,2,1,1,0,2.8
is_home_dog,2017,2017,Philadelphia,PHI,2,1,0,10,2,1,0,13,1,2,0,-14.7
is_home_dog,2017,2017,Pittsburgh,PIT,0,1,0,-3,0,1,0,-0.5,0,1,0,-1.5
is_home_dog,2017,2017,Seattle,SEA,1,2,0,-8,1,2,0,-6.2,2,1,0,2.7
is_home_dog,2017,2017,San Francisco,SFO,2,5,0,-7.4,3,4,0,-3.1,4,3,0,7.1
is_home_dog,2017,2017,Tampa Bay,TBY,1,2,0,-0.3,2,1,0,5.2,1,2,0,-6.7
is_home_dog,2017,2017,Tennessee,TEN,0,1,0,-4,1,0,0,1.5,1,0,0,4
is_home_dog,2017,2017,Washington,WAS,1,3,0,-4.5,1,3,0,-2.1,2,2,0,2.9
is_home_fav,2016,2016,Arizona,ARI,4,3,1,7,3,5,0,0.1,2,6,0,-2.5
is_home_fav,2016,2016,Atlanta,ATL,6,3,0,9.1,4,5,0,3.3,9,0,0,8.1
is_home_fav,2016,2016,Baltimore,BAL,5,2,0,8.3,4,3,0,4,3,4,0,-5.2
is_home_fav,2016,2016,Buffalo,BUF,3,2,0,9.4,2,3,0,3,5,0,0,14.6
is_home_fav,2016,2016,Carolina,CAR,4,3,0,3.7,3,4,0,-1.1,2,5,0,-2.1
is_home_fav,2016,2016,Chicago,CHI,0,2,0,-8,0,2,0,-10.8,1,1,0,-6.2
is_home_fav,2016,2016,Cincinnati,CIN,3,2,0,6.2,3,2,0,0.8,3,2,0,-5.5
is_home_fav,2016,2016,Dallas,DAL,6,2,0,7.2,4,4,0,1.8,5,3,0,4.2
is_home_fav,2016,2016,Denver,DEN,4,2,0,8,4,2,0,3.7,3,3,0,1.2
is_home_fav,2016,2016,Detroit,DET,4,1,0,3,3,2,0,-1.7,1,4,0,-4.4
is_home_fav,2016,2016,Green Bay,GBY,6,2,0,7.1,5,2,1,0.8,4,4,0,1.2
is_home_fav,2016,2016,Houston,HOU,7,0,0,6,4,2,1,2.6,4,3,0,-3.7
is_home_fav,2016,2016,Indianapolis,IND,4,2,0,2,3,3,0,-1.8,2,4,0,-0.2
is_home_fav,2016,2016,Jacksonville,JAX,0,2,0,-10,0,2,0,-12.5,2,0,0,2.2
is_home_fav,2016,2016,Kansas City,KCY,6,3,0,7,3,5,1,2,2,7,0,-5.6
is_home_fav,2016,2016,LA Chargers,LAC,2,3,0,3.4,2,3,0,-0.1,4,0,1,11.3
is_home_fav,2016,2016,LA Rams,LAR,0,2,0,-2.5,0,2,0,-6,1,1,0,-5.8
is_home_fav,2016,2016,Miami,MIA,3,1,0,1,1,2,1,-4.8,4,0,0,7.5
is_home_fav,2016,2016,Minnesota,MIN,4,2,0,5.3,4,2,0,0.8,3,3,0,1
is_home_fav,2016,2016,New Orleans,NOR,2,4,0,0.7,2,4,0,-3.5,4,2,0,9.1
is_home_fav,2016,2016,New England,NWE,7,2,0,11.1,7,2,0,2.1,6,3,0,0.6
is_home_fav,2016,2016,NY Giants,NYG,5,1,0,4.5,3,3,0,0.4,3,3,0,-3.8
is_home_fav,2016,2016,NY Jets,NYJ,1,2,0,-8,1,2,0,-9.3,2,1,0,1.7
is_home_fav,2016,2016,Oakland,OAK,5,1,0,5.2,3,3,0,2.1,6,0,0,12.2
is_home_fav,2016,2016,Philadelphia,PHI,4,1,0,6.6,4,1,0,3,1,4,0,-4.5
is_home_fav,2016,2016,Pittsburgh,PIT,7,1,0,10.6,5,3,0,4.9,4,4,0,1.7
is_home_fav,2016,2016,Seattle,SEA,8,1,0,12.3,6,3,0,3.4,5,4,0,0.7
is_home_fav,2016,2016,San Francisco,SFO,0,2,0,-11.5,0,2,0,-13.5,1,1,0,1.8
is_home_fav,2016,2016,Tampa Bay,TBY,2,2,0,-1.2,1,3,0,-3.8,2,2,0,-0.5
is_home_fav,2016,2016,Tennessee,TEN,4,1,0,3.6,3,2,0,-0.3,3,2,0,2.7
is_home_fav,2016,2016,Washington,WAS,3,3,0,1.8,3,3,0,-3.6,4,2,0,0
is_home_fav,2017,2017,Arizona,ARI,2,0,0,13,1,1,0,8.5,0,2,0,-13
is_home_fav,2017,2017,Atlanta,ATL,5,3,0,5.8,5,3,0,-0.4,2,6,0,-9.4
is_home_fav,2017,2017,Baltimore,BAL,5,2,0,12.1,3,4,0,5.4,4,3,0,6.4
is_home_fav,2017,2017,Buffalo,BUF,5,0,0,9.2,4,0,1,5.4,3,2,0,-2.7
is_home_fav,2017,2017,Carolina,CAR,4,2,0,2.3,2,4,0,-3.7,4,2,0,1.2
is_home_fav,2017,2017,Chicago,CHI,1,2,0,3,1,2,0,-1.2,1,2,0,-8.5
is_home_fav,2017,2017,Cincinnati,CIN,3,3,0,-5.2,2,4,0,-11,2,4,0,-5.2
is_home_fav,2017,2017,Dallas,DAL,2,3,0,1.8,2,3,0,-2.3,2,3,0,-3.7
is_home_fav,2017,2017,Denver,DEN,2,3,0,-2,1,3,1,-7.1,2,3,0,-1.2
is_home_fav,2017,2017,Detroit,DET,3,1,0,11.2,3,1,0,5,3,1,0,4.1
is_home_fav,2017,2017,Green Bay,GBY,4,0,0,9.5,3,1,0,4.5,3,1,0,-3.5
is_home_fav,2017,2017,Houston,HOU,2,3,0,-2.4,2,3,0,-6.9,2,3,0,0.3
is_home_fav,2017,2017,Indianapolis,IND,2,0,0,6,2,0,0,2.8,1,1,0,5.2
is_home_fav,2017,2017,Jacksonville,JAX,6,1,0,11.4,4,3,0,5.2,3,4,0,-1.6
is_home_fav,2017,2017,Kansas City,KCY,6,3,0,6.3,6,3,0,0.3,3,6,0,-4.6
is_home_fav,2017,2017,LA Chargers,LAC,4,2,0,12,3,3,0,5.5,2,4,0,1
is_home_fav,2017,2017,LA Rams,LAR,3,4,0,5,3,4,0,0.6,3,4,0,0.2
is_home_fav,2017,2017,Miami,MIA,1,0,0,3,0,0,1,0,1,0,0,19
is_home_fav,2017,2017,Minnesota,MIN,6,1,0,10.4,4,3,0,4.3,3,4,0,-4.9
is_home_fav,2017,2017,New Orleans,NOR,8,0,0,10.2,5,3,0,2.2,5,3,0,3.1
is_home_fav,2017,2017,New England,NWE,8,2,0,9.3,6,4,0,-1.3,6,4,0,1.5
is_home_fav,2017,2017,NY Giants,NYG,0,2,0,-9.5,0,2,0,-12.5,1,1,0,-2.2
is_home_fav,2017,2017,Oakland,OAK,3,2,0,5,2,3,0,-1.7,2,3,0,0.8
is_home_fav,2017,2017,Philadelphia,PHI,7,0,0,18.3,5,2,0,9.7,3,4,0,2.6
is_home_fav,2017,2017,Pittsburgh,PIT,6,2,0,4.9,3,5,0,-2.5,6,2,0,14.5
is_home_fav,2017,2017,Seattle,SEA,3,2,0,5.8,1,4,0,-3.8,3,2,0,6.8
is_home_fav,2017,2017,San Francisco,SFO,1,0,0,2,0,1,0,-0.5,1,0,0,3.5
is_home_fav,2017,2017,Tampa Bay,TBY,3,1,0,3.8,2,2,0,0.8,1,3,0,-12.8
is_home_fav,2017,2017,Tennessee,TEN,6,1,0,4.7,4,2,1,0.6,4,3,0,1.1
is_home_fav,2017,2017,Washington,WAS,4,0,0,8.2,3,1,0,1.8,1,3,0,-4.1
is_playoff,2016,2016,Atlanta,ATL,2,1,0,11,2,1,0,7.7,3,0,0,5
is_playoff,2016,2016,Dallas,DAL,0,1,0,-3,0,1,0,-8.5,1,0,0,12.5
is_playoff,2016,2016,Detroit,DET,0,1,0,-20,0,1,0,-12,0,1,0,-13.5
is_playoff,2016,2016,Green Bay,GBY,2,1,0,1.7,2,1,0,4,3,0,0,7.5
is_playoff,2016,2016,Houston,HOU,1,1,0,-2.5,1,1,0,3.5,2,0,0,4.5
is_playoff,2016,2016,Kansas City,KCY,0,1,0,-2,0,1,0,-4.5,0,1,0,-11.5
is_playoff,2016,2016,Miami,MIA,0,1,0,-18,0,1,0,-7,0,1,0,-5.5
is_playoff,2016,2016,New England,NWE,3,0,0,14.3,3,0,0,6.2,3,0,0,4.7
is_playoff,2016,2016,NY Giants,NYG,0,1,0,-25,0,1,0,-20,1,0,0,4.5
is_playoff,2016,2016,Oakland,OAK,0,1,0,-13,0,1,0,-9,1,0,0,3
is_playoff,2016,2016,Pittsburgh,PIT,2,1,0,0.3,2,1,0,-0.7,1,2,0,-4.5
is_playoff,2016,2016,Seattle,SEA,1,1,0,2,1,1,0,1.2,1,1,0,-4.2
is_playoff,2017,2017,Atlanta,ATL,1,1,0,4,1,1,0,6,0,2,0,-12
is_playoff,2017,2017,Buffalo,BUF,0,1,0,-7,1,0,0,1,0,1,0,-26.5
is_playoff,2017,2017,Carolina,CAR,0,1,0,-5,1,0,0,1.5,1,0,0,9.5
is_playoff,2017,2017,Jacksonville,JAX,2,1,0,2,2,1,0,4.2,1,2,0,6
is_playoff,2017,2017,Kansas City,KCY,0,1,0,-1,0,1,0,-9.5,0,1,0,-1
is_playoff,2017,2017,LA Rams,LAR,0,1,0,-13,0,1,0,-19.5,0,1,0,-9
is_playoff,2017,2017,Minnesota,MIN,1,1,0,-13,0,2,0,-17.2,2,0,0,6.2
is_playoff,2017,2017,New Orleans,NOR,1,1,0,0,1,1,0,-0.5,2,0,0,8
is_playoff,2017,2017,New England,NWE,2,1,0,5.7,1,2,0,-2.8,2,1,0,8
is_playoff,2017,2017,Philadelphia,PHI,3,0,0,14.7,3,0,0,18,2,1,0,5.5
is_playoff,2017,2017,Pittsburgh,PIT,0,1,0,-3,0,1,0,-10,1,0,0,46.5
is_playoff,2017,2017,Tennessee,TEN,1,1,0,-10,1,1,0,1,1,1,0,-0.2
non_conference,2016,2016,Arizona,ARI,1,3,0,1.2,1,3,0,-4.6,2,2,0,-1.9
non_conference,2016,2016,Atlanta,ATL,2,3,0,0.8,2,3,0,1,4,1,0,6.4
non_conference,2016,2016,Baltimore,BAL,1,3,0,-4.8,0,4,0,-4.4,2,2,0,0.1
non_conference,2016,2016,Buffalo,BUF,3,1,0,12.2,3,1,0,12.4,4,0,0,10
non_conference,2016,2016,Carolina,CAR,1,3,0,1.2,2,2,0,0.4,2,2,0,1.9
non_conference,2016,2016,Chicago,CHI,0,4,0,-5.5,1,3,0,-2.1,2,2,0,-2
non_conference,2016,2016,Cincinnati,CIN,1,2,1,0.8,1,3,0,-1.4,2,2,0,-0.9
non_conference,2016,2016,Cleveland,CLE,0,4,0,-17.2,0,4,0,-11,1,3,0,-2.6
non_conference,2016,2016,Dallas,DAL,4,0,0,13.5,4,0,0,11.4,1,3,0,1.5
non_conference,2016,2016,Denver,DEN,3,1,0,4,3,1,0,3.8,1,3,0,-4
non_conference,2016,2016,Detroit,DET,2,2,0,0.8,2,2,0,-1.2,1,3,0,-2.4
non_conference,2016,2016,Green Bay,GBY,2,2,0,-3.8,2,2,0,-8.9,3,1,0,5.2
non_conference,2016,2016,Houston,HOU,2,2,0,-2.5,2,2,0,-1,1,3,0,-6.2
non_conference,2016,2016,Indianapolis,IND,3,1,0,8.8,3,1,0,10.2,3,1,0,7
non_conference,2016,2016,Jacksonville,JAX,1,3,0,-4.8,1,3,0,-1.1,2,2,0,-2.2
non_conference,2016,2016,Kansas City,KCY,3,1,0,2,2,1,1,0.8,1,3,0,-3
non_conference,2016,2016,LA Chargers,LAC,1,3,0,-4.2,1,3,0,-4.6,2,1,1,5.2
non_conference,2016,2016,LA Rams,LAR,1,3,0,-7,1,3,0,-3.6,1,3,0,-10
non_conference,2016,2016,Miami,MIA,3,1,0,3,3,0,1,4.6,2,2,0,-5.2
non_conference,2016,2016,Minnesota,MIN,3,1,0,2,3,1,0,-2.1,3,1,0,1.1
non_conference,2016,2016,New Orleans,NOR,1,3,0,-2,1,2,1,-1,2,2,0,7.2
non_conference,2016,2016,New England,NWE,4,1,0,6,4,1,0,1,2,3,0,-0.7
non_conference,2016,2016,NY Giants,NYG,3,1,0,2.2,3,1,0,1.6,1,3,0,-4.9
non_conference,2016,2016,NY Jets,NYJ,1,3,0,-8,1,3,0,-4.9,1,3,0,-9.4
non_conference,2016,2016,Oakland,OAK,3,1,0,0.8,2,2,0,-0.2,4,0,0,14.8
non_conference,2016,2016,Philadelphia,PHI,2,2,0,7.8,3,1,0,9.4,2,2,0,1
non_conference,2016,2016,Pittsburgh,PIT,2,2,0,-1,2,2,0,-4.9,2,2,0,-0.4
non_conference,2016,2016,Seattle,SEA,4,0,0,6.2,3,1,0,3.9,3,1,0,0.1
non_conference,2016,2016,San Francisco,SFO,0,4,0,-13.8,0,3,1,-8.2,2,2,0,5.1
non_conference,2016,2016,Tampa Bay,TBY,2,2,0,-4.2,2,2,0,-1,1,2,1,-3
non_conference,2016,2016,Tennessee,TEN,3,1,0,5,2,2,0,6.2,3,1,0,3.5
non_conference,2016,2016,Washington,WAS,2,1,1,-1.2,3,1,0,-0.8,3,1,0,-1.4
non_conference,2017,2017,Arizona,ARI,3,1,0,0.2,2,2,0,1.2,2,2,0,-2.6
non_conference,2017,2017,Atlanta,ATL,1,3,0,-5,0,4,0,-11.4,1,3,0,-10.5
non_conference,2017,2017,Baltimore,BAL,2,2,0,9,2,2,0,7.6,3,1,0,4.9
non_conference,2017,2017,Buffalo,BUF,2,2,0,-8.5,2,1,1,-5.1,2,2,0,-5
non_conference,2017,2017,Carolina,CAR,4,0,0,10.2,3,1,0,7.5,3,1,0,8.5
non_conference,2017,2017,Chicago,CHI,4,0,0,13,4,0,0,16.2,1,3,0,-1.6
non_conference,2017,2017,Cincinnati,CIN,1,3,0,-11.8,2,2,0,-7.6,1,3,0,0.2
non_conference,2017,2017,Cleveland,CLE,0,4,0,-13.5,0,4,0,-6.1,3,1,0,6.4
non_conference,2017,2017,Dallas,DAL,2,2,0,-8.2,1,2,1,-10,1,3,0,-3.6
non_conference,2017,2017,Denver,DEN,1,3,0,-8,1,3,0,-8.2,2,2,0,10.5
non_conference,2017,2017,Detroit,DET,1,3,0,-6,1,3,0,-8,2,2,0,7.6
non_conference,2017,2017,Green Bay,GBY,2,2,0,-4.2,2,2,0,-2.5,3,1,0,3.5
non_conference,2017,2017,Houston,HOU,1,3,0,-7.2,2,2,0,-3.6,2,2,0,9.9
non_conference,2017,2017,Indianapolis,IND,1,3,0,-16.2,2,2,0,-10.2,3,1,0,6.6
non_conference,2017,2017,Jacksonville,JAX,1,3,0,-4.5,1,3,0,-8,4,0,0,15.6
non_conference,2017,2017,Kansas City,KCY,2,2,0,0.5,2,2,0,-4,2,2,0,-7.5
non_conference,2017,2017,LA Chargers,LAC,3,1,0,10.5,3,1,0,9,2,2,0,-2.6
non_conference,2017,2017,LA Rams,LAR,4,0,0,19.2,3,1,0,14.2,3,1,0,3.6
non_conference,2017,2017,Miami,MIA,1,3,0,-12.8,1,3,0,-6,2,2,0,-1.8
non_conference,2017,2017,Minnesota,MIN,3,1,0,8.8,3,1,0,3.8,2,2,0,0.9
non_conference,2017,2017,New Orleans,NOR,3,1,0,13.2,2,2,0,9,3,1,0,-4.8
non_conference,2017,2017,New England,NWE,3,2,0,5.2,3,2,0,0.1,3,2,0,-1.3
non_conference,2017,2017,NY Giants,NYG,2,2,0,1,3,1,0,8.6,1,3,0,-6.6
non_conference,2017,2017,NY Jets,NYJ,0,4,0,-7.5,2,2,0,-0.1,3,1,0,1.9
non_conference,2017,2017,Oakland,OAK,1,3,0,-5.5,1,2,1,-5.6,0,4,0,-11.1
non_conference,2017,2017,Philadelphia,PHI,4,1,0,8,3,2,0,6.7,4,1,0,8.8
non_conference,2017,2017,Pittsburgh,PIT,3,1,0,4.8,2,2,0,-3.4,1,3,0,-1.1
non_conference,2017,2017,Seattle,SEA,2,2,0,4.8,1,3,0,1.4,4,0,0,21.9
non_conference,2017,2017,San Francisco,SFO,3,1,0,5,2,2,0,5.4,3,1,0,9.9
non_conference,2017,2017,Tampa Bay,TBY,2,2,0,1.8,2,1,1,2.9,2,2,0,-6.1
non_conference,2017,2017,Tennessee,TEN,1,3,0,-1.2,3,1,0,-0.4,3,1,0,0.6
non_conference,2017,2017,Washington,WAS,2,2,0,1.8,2,2,0,5,1,3,0,-5.1
non_division,2016,2016,Arizona,ARI,3,7,0,0.4,3,7,0,-2.5,7,3,0,6.3
non_division,2016,2016,Atlanta,ATL,8,5,0,8.3,8,5,0,6.2,11,2,0,5.7
non_division,2016,2016,Baltimore,BAL,4,6,0,0.5,2,8,0,0.2,5,5,0,-1.3
non_division,2016,2016,Buffalo,BUF,6,4,0,5.3,5,5,0,4.4,8,2,0,1.9
non_division,2016,2016,Carolina,CAR,5,5,0,0.3,5,4,1,-0.9,5,5,0,0.2
non_division,2016,2016,Chicago,CHI,1,9,0,-8.3,3,7,0,-5.8,6,4,0,-0.6
non_division,2016,2016,Cincinnati,CIN,3,6,1,-1.7,4,6,0,-2.8,5,5,0,-5
non_division,2016,2016,Cleveland,CLE,1,9,0,-11.7,3,7,0,-4.7,5,5,0,1.7
non_division,2016,2016,Dallas,DAL,10,1,0,10.5,8,3,0,7.5,4,7,0,2.5
non_division,2016,2016,Denver,DEN,7,3,0,5.4,7,3,0,4.3,3,7,0,-6.2
non_division,2016,2016,Detroit,DET,6,5,0,-2.5,6,5,0,-0.7,4,7,0,-3.2
non_division,2016,2016,Green Bay,GBY,7,6,0,0.5,7,5,1,-0.5,9,4,0,4.5
non_division,2016,2016,Houston,HOU,5,7,0,-5.5,4,8,0,-2.7,4,8,0,-6
non_division,2016,2016,Indianapolis,IND,5,5,0,1.1,5,5,0,3.7,6,4,0,1.9
non_division,2016,2016,Jacksonville,JAX,1,9,0,-8.4,4,6,0,-4.7,5,5,0,-2.5
non_division,2016,2016,Kansas City,KCY,6,5,0,0.9,4,6,1,-1.3,2,9,0,-6
non_division,2016,2016,LA Chargers,LAC,4,6,0,0.9,4,6,0,-0.8,5,4,1,4
non_division,2016,2016,LA Rams,LAR,2,8,0,-9.2,2,7,1,-5.5,5,5,0,0.1
non_division,2016,2016,Miami,MIA,6,5,0,-3.5,5,5,1,-1,6,5,0,-2.2
non_division,2016,2016,Minnesota,MIN,6,4,0,2.1,7,3,0,0.8,5,5,0,-0.9
non_division,2016,2016,New Orleans,NOR,5,5,0,3.2,6,3,1,2.5,5,5,0,6.3
non_division,2016,2016,New England,NWE,12,1,0,12.5,12,1,0,6.3,6,7,0,-2
non_division,2016,2016,NY Giants,NYG,7,4,0,-0.9,5,5,1,-1.3,2,9,0,-9
non_division,2016,2016,NY Jets,NYJ,3,7,0,-9.2,3,7,0,-7.3,4,6,0,-4.2
non_division,2016,2016,Oakland,OAK,9,2,0,4,8,3,0,3.2,10,1,0,6.8
non_division,2016,2016,Philadelphia,PHI,5,5,0,4,6,4,0,4.9,4,6,0,-2
non_division,2016,2016,Pittsburgh,PIT,8,5,0,3.5,8,5,0,0.4,5,8,0,-2.8
non_division,2016,2016,Seattle,SEA,8,4,0,2.8,6,6,0,-0.7,7,5,0,-2.7
non_division,2016,2016,San Francisco,SFO,0,10,0,-16.4,0,9,1,-11.2,6,4,0,5.3
non_division,2016,2016,Tampa Bay,TBY,5,5,0,-0.9,6,4,0,2.4,4,5,1,-0.8
non_division,2016,2016,Tennessee,TEN,7,3,0,2.5,5,5,0,3.4,6,4,0,0.8
non_division,2016,2016,Washington,WAS,5,4,1,1.7,6,4,0,0.5,7,3,0,1.2
non_division,2017,2017,Arizona,ARI,5,5,0,-2.6,4,6,0,-1.2,4,6,0,-0.3
non_division,2017,2017,Atlanta,ATL,7,5,0,2.2,5,7,0,-1.2,4,8,0,-7.4
non_division,2017,2017,Baltimore,BAL,6,4,0,6.3,4,5,1,3.6,7,3,0,4
non_division,2017,2017,Buffalo,BUF,6,5,0,-3,7,3,1,0.5,5,6,0,-4.3
non_division,2017,2017,Carolina,CAR,8,2,0,5.9,7,3,0,4,7,3,0,3.4
non_division,2017,2017,Chicago,CHI,5,5,0,0.1,6,4,0,4.9,1,9,0,-7.8
non_division,2017,2017,Cincinnati,CIN,4,6,0,-6.3,5,5,0,-5.2,3,7,0,-2
non_division,2017,2017,Cleveland,CLE,0,10,0,-10,2,8,0,-3.4,5,5,0,-1.2
non_division,2017,2017,Dallas,DAL,4,6,0,-3,3,6,1,-5.5,4,6,0,-1.5
non_division,2017,2017,Denver,DEN,3,7,0,-6.1,3,7,0,-6.4,5,5,0,3.9
non_division,2017,2017,Detroit,DET,4,6,0,-1.6,4,6,0,-1.1,6,4,0,8.3
non_division,2017,2017,Green Bay,GBY,5,5,0,-2.6,5,5,0,-1.2,7,3,0,1.4
non_division,2017,2017,Houston,HOU,3,7,0,-5.5,6,4,0,-1.2,5,5,0,7.7
non_division,2017,2017,Indianapolis,IND,2,8,0,-9.1,6,4,0,-2.6,5,5,0,1.6
non_division,2017,2017,Jacksonville,JAX,8,5,0,5.7,7,6,0,4.2,7,6,0,5.7
non_division,2017,2017,Kansas City,KCY,5,6,0,1.9,5,6,0,-2.4,5,6,0,0.9
non_division,2017,2017,LA Chargers,LAC,6,4,0,7.5,5,5,0,4.9,3,7,0,-4
non_division,2017,2017,LA Rams,LAR,7,4,0,7,6,5,0,4,7,4,0,4.8
non_division,2017,2017,Miami,MIA,4,6,0,-7.6,4,5,1,-2.8,5,5,0,-2.2
non_division,2017,2017,Minnesota,MIN,9,3,0,4.9,8,4,0,2.1,8,4,0,2.1
non_division,2017,2017,New Orleans,NOR,7,4,0,6,6,5,0,3,7,4,0,1.4
non_division,2017,2017,New England,NWE,10,3,0,7.7,8,5,0,0.7,7,6,0,1.5
non_division,2017,2017,NY Giants,NYG,2,8,0,-9.6,4,6,0,-5.7,4,6,0,-2
non_division,2017,2017,NY Jets,NYJ,3,7,0,-7.2,6,4,0,-1.6,6,4,0,0.8
non_division,2017,2017,Oakland,OAK,4,6,0,-4.2,3,5,2,-5.1,4,6,0,-3.1
non_division,2017,2017,Philadelphia,PHI,11,2,0,11.8,10,3,0,9.2,7,6,0,3.4
non_division,2017,2017,Pittsburgh,PIT,7,4,0,4.7,5,6,0,-1.3,3,8,0,2
non_division,2017,2017,Seattle,SEA,5,5,0,4.5,4,6,0,3.1,5,5,0,3.5
non_division,2017,2017,San Francisco,SFO,5,5,0,-4.4,5,5,0,-0.1,6,4,0,2.1
non_division,2017,2017,Tampa Bay,TBY,4,6,0,0,3,6,1,-0.5,6,4,0,0.3
non_division,2017,2017,Tennessee,TEN,5,7,0,-4.5,4,7,1,-3.1,7,5,0,-2
non_division,2017,2017,Washington,WAS,6,4,0,1.3,6,4,0,3.1,5,5,0,0.3
